{
	"schema": "",
	"tables": [
		{
			"name": "sponsors",
			"schema_name": "",
			"columns": [
				{
					"name": "id",
					"type": "int",
					"db_type": "int",
					"default": "auto_increment",
					"nullable": false,
					"unique": true,
					"validated": false,
					"arr_type": null,
					"udt_name": "",
					"domain_name": null,
					"full_db_type": "int(11)",
					"auto_generated": false
				}
			],
			"p_key": {
				"name": "PRIMARY",
				"columns": [
					"id"
				]
			},
			"f_keys": null,
			"is_join_table": false,
			"to_one_relationships": [
				{
					"name": "videos_ibfk_2",
					"table": "sponsors",
					"column": "id",
					"nullable": false,
					"unique": true,
					"foreign_table": "videos",
					"foreign_column": "sponsor_id",
					"foreign_column_nullable": true,
					"foreign_column_unique": true
				}
			],
			"to_many_relationships": null
		},
		{
			"name": "tags",
			"schema_name": "",
			"columns": [
				{
					"name": "id",
					"type": "int",
					"db_type": "int",
					"default": "auto_increment",
					"nullable": false,
					"unique": true,
					"validated": false,
					"arr_type": null,
					"udt_name": "",
					"domain_name": null,
					"full_db_type": "int(11)",
					"auto_generated": false
				}
			],
			"p_key": {
				"name": "PRIMARY",
				"columns": [
					"id"
				]
			},
			"f_keys": null,
			"is_join_table": false,
			"to_one_relationships": null,
			"to_many_relationships": [
				{
					"name": "",
					"table": "tags",
					"column": "id",
					"nullable": false,
					"unique": true,
					"foreign_table": "videos",
					"foreign_column": "id",
					"foreign_column_nullable": false,
					"foreign_column_unique": true,
					"to_join_table": true,
					"join_table": "video_tags",
					"join_local_fkey_name": "video_tags_ibfk_2",
					"join_local_column": "tag_id",
					"join_local_column_nullable": false,
					"join_local_column_unique": false,
					"join_foreign_fkey_name": "video_tags_ibfk_1",
					"join_foreign_column": "video_id",
					"join_foreign_column_nullable": false,
					"join_foreign_column_unique": false
				}
			]
		},
		{
			"name": "type_monsters",
			"schema_name": "",
			"columns": [
				{
					"name": "id",
					"type": "int",
					"db_type": "int",
					"default": "auto_increment",
					"nullable": false,
					"unique": true,
					"validated": false,
					"arr_type": null,
					"udt_name": "",
					"domain_name": null,
					"full_db_type": "int(11)",
					"auto_generated": false
				},
				{
					"name": "enum_use",
					"type": "string",
					"db_type": "enum('monday','tuesday','wednesday','thursday','friday')",
					"default": "",
					"nullable": false,
					"unique": false,
					"validated": false,
					"arr_type": null,
					"udt_name": "",
					"domain_name": null,
					"full_db_type": "enum('monday','tuesday','wednesday','thursday','friday')",
					"auto_generated": false
				},
				{
					"name": "id_two",
					"type": "int",
					"db_type": "int",
					"default": "",
					"nullable": false,
					"unique": false,
					"validated": false,
					"arr_type": null,
					"udt_name": "",
					"domain_name": null,
					"full_db_type": "int(11)",
					"auto_generated": false
				},
				{
					"name": "id_three",
					"type": "null.Int",
					"db_type": "int",
					"default": "",
					"nullable": true,
					"unique": false,
					"validated": false,
					"arr_type": null,
					"udt_name": "",
					"domain_name": null,
					"full_db_type": "int(11)",
					"auto_generated": false
				},
				{
					"name": "bool_zero",
					"type": "null.Bool",
					"db_type": "tinyint",
					"default": "",
					"nullable": true,
					"unique": false,
					"validated": false,
					"arr_type": null,
					"udt_name": "",
					"domain_name": null,
					"full_db_type": "tinyint(1)",
					"auto_generated": false
				},
				{
					"name": "bool_one",
					"type": "null.Bool",
					"db_type": "tinyint",
					"default": "",
					"nullable": true,
					"unique": false,
					"validated": false,
					"arr_type": null,
					"udt_name": "",
					"domain_name": null,
					"full_db_type": "tinyint(1)",
					"auto_generated": false
				},
				{
					"name": "bool_two",
					"type": "bool",
					"db_type": "tinyint",
					"default": "",
					"nullable": false,
					"unique": false,
					"validated": false,
					"arr_type": null,
					"udt_name": "",
					"domain_name": null,
					"full_db_type": "tinyint(1)",
					"auto_generated": false
				},
				{
					"name": "bool_three",
					"type": "null.Bool",
					"db_type": "tinyint",
					"default": "0",
					"nullable": true,
					"unique": false,
					"validated": false,
					"arr_type": null,
					"udt_name": "",
					"domain_name": null,
					"full_db_type": "tinyint(1)",
					"auto_generated": false
				},
				{
					"name": "bool_four",
					"type": "null.Bool",
					"db_type": "tinyint",
					"default": "1",
					"nullable": true,
					"unique": false,
					"validated": false,
					"arr_type": null,
					"udt_name": "",
					"domain_name": null,
					"full_db_type": "tinyint(1)",
					"auto_generated": false
				},
				{
					"name": "bool_five",
					"type": "bool",
					"db_type": "tinyint",
					"default": "0",
					"nullable": false,
					"unique": false,
					"validated": false,
					"arr_type": null,
					"udt_name": "",
					"domain_name": null,
					"full_db_type": "tinyint(1)",
					"auto_generated": false
				},
				{
					"name": "bool_six",
					"type": "bool",
					"db_type": "tinyint",
					"default": "1",
					"nullable": false,
					"unique": false,
					"validated": false,
					"arr_type": null,
					"udt_name": "",
					"domain_name": null,
					"full_db_type": "tinyint(1)",
					"auto_generated": false
				},
				{
					"name": "string_zero",
					"type": "null.String",
					"db_type": "varchar",
					"default": "",
					"nullable": true,
					"unique": false,
					"validated": false,
					"arr_type": null,
					"udt_name": "",
					"domain_name": null,
					"full_db_type": "varchar(1)",
					"auto_generated": false
				},
				{
					"name": "string_one",
					"type": "null.String",
					"db_type": "varchar",
					"default": "",
					"nullable": true,
					"unique": false,
					"validated": false,
					"arr_type": null,
					"udt_name": "",
					"domain_name": null,
					"full_db_type": "varchar(1)",
					"auto_generated": false
				},
				{
					"name": "string_two",
					"type": "string",
					"db_type": "varchar",
					"default": "",
					"nullable": false,
					"unique": false,
					"validated": false,
					"arr_type": null,
					"udt_name": "",
					"domain_name": null,
					"full_db_type": "varchar(1)",
					"auto_generated": false
				},
				{
					"name": "string_three",
					"type": "null.String",
					"db_type": "varchar",
					"default": "a",
					"nullable": true,
					"unique": false,
					"validated": false,
					"arr_type": null,
					"udt_name": "",
					"domain_name": null,
					"full_db_type": "varchar(1)",
					"auto_generated": false
				},
				{
					"name": "string_four",
					"type": "string",
					"db_type": "varchar",
					"default": "b",
					"nullable": false,
					"unique": false,
					"validated": false,
					"arr_type": null,
					"udt_name": "",
					"domain_name": null,
					"full_db_type": "varchar(1)",
					"auto_generated": false
				},
				{
					"name": "string_five",
					"type": "null.String",
					"db_type": "varchar",
					"default": "",
					"nullable": true,
					"unique": false,
					"validated": false,
					"arr_type": null,
					"udt_name": "",
					"domain_name": null,
					"full_db_type": "varchar(1000)",
					"auto_generated": false
				},
				{
					"name": "string_six",
					"type": "null.String",
					"db_type": "varchar",
					"default": "",
					"nullable": true,
					"unique": false,
					"validated": false,
					"arr_type": null,
					"udt_name": "",
					"domain_name": null,
					"full_db_type": "varchar(1000)",
					"auto_generated": false
				},
				{
					"name": "string_seven",
					"type": "string",
					"db_type": "varchar",
					"default": "",
					"nullable": false,
					"unique": false,
					"validated": false,
					"arr_type": null,
					"udt_name": "",
					"domain_name": null,
					"full_db_type": "varchar(1000)",
					"auto_generated": false
				},
				{
					"name": "string_eight",
					"type": "null.String",
					"db_type": "varchar",
					"default": "abcdefgh",
					"nullable": true,
					"unique": false,
					"validated": false,
					"arr_type": null,
					"udt_name": "",
					"domain_name": null,
					"full_db_type": "varchar(1000)",
					"auto_generated": false
				},
				{
					"name": "string_nine",
					"type": "string",
					"db_type": "varchar",
					"default": "abcdefgh",
					"nullable": false,
					"unique": false,
					"validated": false,
					"arr_type": null,
					"udt_name": "",
					"domain_name": null,
					"full_db_type": "varchar(1000)",
					"auto_generated": false
				},
				{
					"name": "string_ten",
					"type": "null.String",
					"db_type": "varchar",
					"default": "",
					"nullable": true,
					"unique": false,
					"validated": false,
					"arr_type": null,
					"udt_name": "",
					"domain_name": null,
					"full_db_type": "varchar(1000)",
					"auto_generated": false
				},
				{
					"name": "string_eleven",
					"type": "string",
					"db_type": "varchar",
					"default": "",
					"nullable": false,
					"unique": false,
					"validated": false,
					"arr_type": null,
					"udt_name": "",
					"domain_name": null,
					"full_db_type": "varchar(1000)",
					"auto_generated": false
				},
				{
					"name": "big_int_zero",
					"type": "null.Int64",
					"db_type": "bigint",
					"default": "",
					"nullable": true,
					"unique": false,
					"validated": false,
					"arr_type": null,
					"udt_name": "",
					"domain_name": null,
					"full_db_type": "bigint(20)",
					"auto_generated": false
				},
				{
					"name": "big_int_one",
					"type": "null.Int64",
					"db_type": "bigint",
					"default": "",
					"nullable": true,
					"unique": false,
					"validated": false,
					"arr_type": null,
					"udt_name": "",
					"domain_name": null,
					"full_db_type": "bigint(20)",
					"auto_generated": false
				},
				{
					"name": "big_int_two",
					"type": "int64",
					"db_type": "bigint",
					"default": "",
					"nullable": false,
					"unique": false,
					"validated": false,
					"arr_type": null,
					"udt_name": "",
					"domain_name": null,
					"full_db_type": "bigint(20)",
					"auto_generated": false
				},
				{
					"name": "big_int_three",
					"type": "null.Int64",
					"db_type": "bigint",
					"default": "111111",
					"nullable": true,
					"unique": false,
					"validated": false,
					"arr_type": null,
					"udt_name": "",
					"domain_name": null,
					"full_db_type": "bigint(20)",
					"auto_generated": false
				},
				{
					"name": "big_int_four",
					"type": "int64",
					"db_type": "bigint",
					"default": "222222",
					"nullable": false,
					"unique": false,
					"validated": false,
					"arr_type": null,
					"udt_name": "",
					"domain_name": null,
					"full_db_type": "bigint(20)",
					"auto_generated": false
				},
				{
					"name": "big_int_five",
					"type": "null.Int64",
					"db_type": "bigint",
					"default": "0",
					"nullable": true,
					"unique": false,
					"validated": false,
					"arr_type": null,
					"udt_name": "",
					"domain_name": null,
					"full_db_type": "bigint(20)",
					"auto_generated": false
				},
				{
					"name": "big_int_six",
					"type": "int64",
					"db_type": "bigint",
					"default": "0",
					"nullable": false,
					"unique": false,
					"validated": false,
					"arr_type": null,
					"udt_name": "",
					"domain_name": null,
					"full_db_type": "bigint(20)",
					"auto_generated": false
				},
				{
					"name": "int_zero",
					"type": "null.Int",
					"db_type": "int",
					"default": "",
					"nullable": true,
					"unique": false,
					"validated": false,
					"arr_type": null,
					"udt_name": "",
					"domain_name": null,
					"full_db_type": "int(11)",
					"auto_generated": false
				},
				{
					"name": "int_one",
					"type": "null.Int",
					"db_type": "int",
					"default": "",
					"nullable": true,
					"unique": false,
					"validated": false,
					"arr_type": null,
					"udt_name": "",
					"domain_name": null,
					"full_db_type": "int(11)",
					"auto_generated": false
				},
				{
					"name": "int_two",
					"type": "int",
					"db_type": "int",
					"default": "",
					"nullable": false,
					"unique": false,
					"validated": false,
					"arr_type": null,
					"udt_name": "",
					"domain_name": null,
					"full_db_type": "int(11)",
					"auto_generated": false
				},
				{
					"name": "int_three",
					"type": "null.Int",
					"db_type": "int",
					"default": "333333",
					"nullable": true,
					"unique": false,
					"validated": false,
					"arr_type": null,
					"udt_name": "",
					"domain_name": null,
					"full_db_type": "int(11)",
					"auto_generated": false
				},
				{
					"name": "int_four",
					"type": "int",
					"db_type": "int",
					"default": "444444",
					"nullable": false,
					"unique": false,
					"validated": false,
					"arr_type": null,
					"udt_name": "",
					"domain_name": null,
					"full_db_type": "int(11)",
					"auto_generated": false
				},
				{
					"name": "int_five",
					"type": "null.Int",
					"db_type": "int",
					"default": "0",
					"nullable": true,
					"unique": false,
					"validated": false,
					"arr_type": null,
					"udt_name": "",
					"domain_name": null,
					"full_db_type": "int(11)",
					"auto_generated": false
				},
				{
					"name": "int_six",
					"type": "int",
					"db_type": "int",
					"default": "0",
					"nullable": false,
					"unique": false,
					"validated": false,
					"arr_type": null,
					"udt_name": "",
					"domain_name": null,
					"full_db_type": "int(11)",
					"auto_generated": false
				},
				{
					"name": "float_zero",
					"type": "null.Float32",
					"db_type": "float",
					"default": "",
					"nullable": true,
					"unique": false,
					"validated": false,
					"arr_type": null,
					"udt_name": "",
					"domain_name": null,
					"full_db_type": "float",
					"auto_generated": false
				},
				{
					"name": "float_one",
					"type": "null.Float32",
					"db_type": "float",
					"default": "",
					"nullable": true,
					"unique": false,
					"validated": false,
					"arr_type": null,
					"udt_name": "",
					"domain_name": null,
					"full_db_type": "float",
					"auto_generated": false
				},
				{
					"name": "float_two",
					"type": "null.Float32",
					"db_type": "float",
					"default": "",
					"nullable": true,
					"unique": false,
					"validated": false,
					"arr_type": null,
					"udt_name": "",
					"domain_name": null,
					"full_db_type": "float(2,1)",
					"auto_generated": false
				},
				{
					"name": "float_three",
					"type": "null.Float32",
					"db_type": "float",
					"default": "",
					"nullable": true,
					"unique": false,
					"validated": false,
					"arr_type": null,
					"udt_name": "",
					"domain_name": null,
					"full_db_type": "float(2,1)",
					"auto_generated": false
				},
				{
					"name": "float_four",
					"type": "null.Float32",
					"db_type": "float",
					"default": "",
					"nullable": true,
					"unique": false,
					"validated": false,
					"arr_type": null,
					"udt_name": "",
					"domain_name": null,
					"full_db_type": "float(2,1)",
					"auto_generated": false
				},
				{
					"name": "float_five",
					"type": "float32",
					"db_type": "float",
					"default": "",
					"nullable": false,
					"unique": false,
					"validated": false,
					"arr_type": null,
					"udt_name": "",
					"domain_name": null,
					"full_db_type": "float(2,1)",
					"auto_generated": false
				},
				{
					"name": "float_six",
					"type": "null.Float32",
					"db_type": "float",
					"default": "1.1",
					"nullable": true,
					"unique": false,
					"validated": false,
					"arr_type": null,
					"udt_name": "",
					"domain_name": null,
					"full_db_type": "float(2,1)",
					"auto_generated": false
				},
				{
					"name": "float_seven",
					"type": "float32",
					"db_type": "float",
					"default": "1.1",
					"nullable": false,
					"unique": false,
					"validated": false,
					"arr_type": null,
					"udt_name": "",
					"domain_name": null,
					"full_db_type": "float(2,1)",
					"auto_generated": false
				},
				{
					"name": "float_eight",
					"type": "null.Float32",
					"db_type": "float",
					"default": "0.0",
					"nullable": true,
					"unique": false,
					"validated": false,
					"arr_type": null,
					"udt_name": "",
					"domain_name": null,
					"full_db_type": "float(2,1)",
					"auto_generated": false
				},
				{
					"name": "float_nine",
					"type": "null.Float32",
					"db_type": "float",
					"default": "0.0",
					"nullable": true,
					"unique": false,
					"validated": false,
					"arr_type": null,
					"udt_name": "",
					"domain_name": null,
					"full_db_type": "float(2,1)",
					"auto_generated": false
				},
				{
					"name": "bytea_zero",
					"type": "null.Bytes",
					"db_type": "binary",
					"default": "",
					"nullable": true,
					"unique": false,
					"validated": false,
					"arr_type": null,
					"udt_name": "",
					"domain_name": null,
					"full_db_type": "binary(1)",
					"auto_generated": false
				},
				{
					"name": "bytea_one",
					"type": "null.Bytes",
					"db_type": "binary",
					"default": "",
					"nullable": true,
					"unique": false,
					"validated": false,
					"arr_type": null,
					"udt_name": "",
					"domain_name": null,
					"full_db_type": "binary(1)",
					"auto_generated": false
				},
				{
					"name": "bytea_two",
					"type": "[]byte",
					"db_type": "binary",
					"default": "",
					"nullable": false,
					"unique": false,
					"validated": false,
					"arr_type": null,
					"udt_name": "",
					"domain_name": null,
					"full_db_type": "binary(1)",
					"auto_generated": false
				},
				{
					"name": "bytea_three",
					"type": "[]byte",
					"db_type": "binary",
					"default": "a",
					"nullable": false,
					"unique": false,
					"validated": false,
					"arr_type": null,
					"udt_name": "",
					"domain_name": null,
					"full_db_type": "binary(1)",
					"auto_generated": false
				},
				{
					"name": "bytea_four",
					"type": "null.Bytes",
					"db_type": "binary",
					"default": "b",
					"nullable": true,
					"unique": false,
					"validated": false,
					"arr_type": null,
					"udt_name": "",
					"domain_name": null,
					"full_db_type": "binary(1)",
					"auto_generated": false
				},
				{
					"name": "bytea_five",
					"type": "[]byte",
					"db_type": "binary",
					"default": "abcdefghabcdefghabcdefgh\u0000\u0000\u0000\u0000\u0000\u0000\u0000\u0000\u0000\u0000\u0000\u0000\u0000\u0000\u0000\u0000\u0000\u0000\u0000\u0000\u0000\u0000\u0000\u0000\u0000\u0000\u0000\u0000\u0000\u0000\u0000\u0000\u0000\u0000\u0000\u0000\u0000\u0000\u0000\u0000\u0000\u0000\u0000\u0000\u0000\u0000\u0000\u0000\u0000\u0000\u0000\u0000\u0000\u0000\u0000\u0000\u0000\u0000\u0000\u0000\u0000\u0000\u0000\u0000\u0000\u0000\u0000\u0000\u0000\u0000\u0000\u0000\u0000\u0000\u0000\u0000",
					"nullable": false,
					"unique": false,
					"validated": false,
					"arr_type": null,
					"udt_name": "",
					"domain_name": null,
					"full_db_type": "binary(100)",
					"auto_generated": false
				},
				{
					"name": "bytea_six",
					"type": "null.Bytes",
					"db_type": "binary",
					"default": "hgfedcbahgfedcbahgfedcba\u0000\u0000\u0000\u0000\u0000\u0000\u0000\u0000\u0000\u0000\u0000\u0000\u0000\u0000\u0000\u0000\u0000\u0000\u0000\u0000\u0000\u0000\u0000\u0000\u0000\u0000\u0000\u0000\u0000\u0000\u0000\u0000\u0000\u0000\u0000\u0000\u0000\u0000\u0000\u0000\u0000\u0000\u0000\u0000\u0000\u0000\u0000\u0000\u0000\u0000\u0000\u0000\u0000\u0000\u0000\u0000\u0000\u0000\u0000\u0000\u0000\u0000\u0000\u0000\u0000\u0000\u0000\u0000\u0000\u0000\u0000\u0000\u0000\u0000\u0000\u0000",
					"nullable": true,
					"unique": false,
					"validated": false,
					"arr_type": null,
					"udt_name": "",
					"domain_name": null,
					"full_db_type": "binary(100)",
					"auto_generated": false
				},
				{
					"name": "bytea_seven",
					"type": "[]byte",
					"db_type": "binary",
					"default": "\u0000",
					"nullable": false,
					"unique": false,
					"validated": false,
					"arr_type": null,
					"udt_name": "",
					"domain_name": null,
					"full_db_type": "binary(1)",
					"auto_generated": false
				},
				{
					"name": "bytea_eight",
					"type": "[]byte",
					"db_type": "binary",
					"default": "\u0000",
					"nullable": false,
					"unique": false,
					"validated": false,
					"arr_type": null,
					"udt_name": "",
					"domain_name": null,
					"full_db_type": "binary(1)",
					"auto_generated": false
				},
				{
					"name": "time_zero",
					"type": "time.Time",
					"db_type": "timestamp",
					"default": "CURRENT_TIMESTAMP",
					"nullable": false,
					"unique": false,
					"validated": false,
					"arr_type": null,
					"udt_name": "",
					"domain_name": null,
					"full_db_type": "timestamp",
					"auto_generated": false
				},
				{
					"name": "time_one",
					"type": "null.Time",
					"db_type": "date",
					"default": "",
					"nullable": true,
					"unique": false,
					"validated": false,
					"arr_type": null,
					"udt_name": "",
					"domain_name": null,
					"full_db_type": "date",
					"auto_generated": false
				},
				{
					"name": "time_two",
					"type": "null.Time",
					"db_type": "timestamp",
					"default": "",
					"nullable": true,
					"unique": false,
					"validated": false,
					"arr_type": null,
					"udt_name": "",
					"domain_name": null,
					"full_db_type": "timestamp",
					"auto_generated": false
				},
				{
					"name": "time_three",
					"type": "null.Time",
					"db_type": "timestamp",
					"default": "",
					"nullable": true,
					"unique": false,
					"validated": false,
					"arr_type": null,
					"udt_name": "",
					"domain_name": null,
					"full_db_type": "timestamp",
					"auto_generated": false
				},
				{
					"name": "time_five",
					"type": "null.Time",
					"db_type": "timestamp",
					"default": "CURRENT_TIMESTAMP",
					"nullable": true,
					"unique": false,
					"validated": false,
					"arr_type": null,
					"udt_name": "",
					"domain_name": null,
					"full_db_type": "timestamp",
					"auto_generated": false
				},
				{
					"name": "time_nine",
					"type": "time.Time",
					"db_type": "timestamp",
					"default": "CURRENT_TIMESTAMP",
					"nullable": false,
					"unique": false,
					"validated": false,
					"arr_type": null,
					"udt_name": "",
					"domain_name": null,
					"full_db_type": "timestamp",
					"auto_generated": false
				},
				{
					"name": "time_eleven",
					"type": "null.Time",
					"db_type": "date",
					"default": "",
					"nullable": true,
					"unique": false,
					"validated": false,
					"arr_type": null,
					"udt_name": "",
					"domain_name": null,
					"full_db_type": "date",
					"auto_generated": false
				},
				{
					"name": "time_twelve",
					"type": "time.Time",
					"db_type": "date",
					"default": "",
					"nullable": false,
					"unique": false,
					"validated": false,
					"arr_type": null,
					"udt_name": "",
					"domain_name": null,
					"full_db_type": "date",
					"auto_generated": false
				},
				{
					"name": "time_fifteen",
					"type": "null.Time",
					"db_type": "date",
					"default": "1999-01-08",
					"nullable": true,
					"unique": false,
					"validated": false,
					"arr_type": null,
					"udt_name": "",
					"domain_name": null,
					"full_db_type": "date",
					"auto_generated": false
				},
				{
					"name": "time_sixteen",
					"type": "time.Time",
					"db_type": "date",
					"default": "1999-01-08",
					"nullable": false,
					"unique": false,
					"validated": false,
					"arr_type": null,
					"udt_name": "",
					"domain_name": null,
					"full_db_type": "date",
					"auto_generated": false
				},
				{
					"name": "json_null",
					"type": "null.JSON",
					"db_type": "json",
					"default": "",
					"nullable": true,
					"unique": false,
					"validated": false,
					"arr_type": null,
					"udt_name": "",
					"domain_name": null,
					"full_db_type": "json",
					"auto_generated": false
				},
				{
					"name": "json_nnull",
					"type": "types.JSON",
					"db_type": "json",
					"default": "",
					"nullable": false,
					"unique": false,
					"validated": false,
					"arr_type": null,
					"udt_name": "",
					"domain_name": null,
					"full_db_type": "json",
					"auto_generated": false
				},
				{
					"name": "tinyint_null",
					"type": "null.Int8",
					"db_type": "tinyint",
					"default": "",
					"nullable": true,
					"unique": false,
					"validated": false,
					"arr_type": null,
					"udt_name": "",
					"domain_name": null,
					"full_db_type": "tinyint(4)",
					"auto_generated": false
				},
				{
					"name": "tinyint_nnull",
					"type": "int8",
					"db_type": "tinyint",
					"default": "",
					"nullable": false,
					"unique": false,
					"validated": false,
					"arr_type": null,
					"udt_name": "",
					"domain_name": null,
					"full_db_type": "tinyint(4)",
					"auto_generated": false
				},
				{
					"name": "tinyint1_null",
					"type": "null.Bool",
					"db_type": "tinyint",
					"default": "",
					"nullable": true,
					"unique": false,
					"validated": false,
					"arr_type": null,
					"udt_name": "",
					"domain_name": null,
					"full_db_type": "tinyint(1)",
					"auto_generated": false
				},
				{
					"name": "tinyint1_nnull",
					"type": "bool",
					"db_type": "tinyint",
					"default": "",
					"nullable": false,
					"unique": false,
					"validated": false,
					"arr_type": null,
					"udt_name": "",
					"domain_name": null,
					"full_db_type": "tinyint(1)",
					"auto_generated": false
				},
				{
					"name": "tinyint2_null",
					"type": "null.Int8",
					"db_type": "tinyint",
					"default": "",
					"nullable": true,
					"unique": false,
					"validated": false,
					"arr_type": null,
					"udt_name": "",
					"domain_name": null,
					"full_db_type": "tinyint(2)",
					"auto_generated": false
				},
				{
					"name": "tinyint2_nnull",
					"type": "int8",
					"db_type": "tinyint",
					"default": "",
					"nullable": false,
					"unique": false,
					"validated": false,
					"arr_type": null,
					"udt_name": "",
					"domain_name": null,
					"full_db_type": "tinyint(2)",
					"auto_generated": false
				},
				{
					"name": "smallint_null",
					"type": "null.Int16",
					"db_type": "smallint",
					"default": "",
					"nullable": true,
					"unique": false,
					"validated": false,
					"arr_type": null,
					"udt_name": "",
					"domain_name": null,
					"full_db_type": "smallint(6)",
					"auto_generated": false
				},
				{
					"name": "smallint_nnull",
					"type": "int16",
					"db_type": "smallint",
					"default": "",
					"nullable": false,
					"unique": false,
					"validated": false,
					"arr_type": null,
					"udt_name": "",
					"domain_name": null,
					"full_db_type": "smallint(6)",
					"auto_generated": false
				},
				{
					"name": "mediumint_null",
					"type": "null.Int32",
					"db_type": "mediumint",
					"default": "",
					"nullable": true,
					"unique": false,
					"validated": false,
					"arr_type": null,
					"udt_name": "",
					"domain_name": null,
					"full_db_type": "mediumint(9)",
					"auto_generated": false
				},
				{
					"name": "mediumint_nnull",
					"type": "int32",
					"db_type": "mediumint",
					"default": "",
					"nullable": false,
					"unique": false,
					"validated": false,
					"arr_type": null,
					"udt_name": "",
					"domain_name": null,
					"full_db_type": "mediumint(9)",
					"auto_generated": false
				},
				{
					"name": "bigint_null",
					"type": "null.Int64",
					"db_type": "bigint",
					"default": "",
					"nullable": true,
					"unique": false,
					"validated": false,
					"arr_type": null,
					"udt_name": "",
					"domain_name": null,
					"full_db_type": "bigint(20)",
					"auto_generated": false
				},
				{
					"name": "bigint_nnull",
					"type": "int64",
					"db_type": "bigint",
					"default": "",
					"nullable": false,
					"unique": false,
					"validated": false,
					"arr_type": null,
					"udt_name": "",
					"domain_name": null,
					"full_db_type": "bigint(20)",
					"auto_generated": false
				},
				{
					"name": "float_null",
					"type": "null.Float32",
					"db_type": "float",
					"default": "",
					"nullable": true,
					"unique": false,
					"validated": false,
					"arr_type": null,
					"udt_name": "",
					"domain_name": null,
					"full_db_type": "float",
					"auto_generated": false
				},
				{
					"name": "float_nnull",
					"type": "float32",
					"db_type": "float",
					"default": "",
					"nullable": false,
					"unique": false,
					"validated": false,
					"arr_type": null,
					"udt_name": "",
					"domain_name": null,
					"full_db_type": "float",
					"auto_generated": false
				},
				{
					"name": "double_null",
					"type": "null.Float64",
					"db_type": "double",
					"default": "",
					"nullable": true,
					"unique": false,
					"validated": false,
					"arr_type": null,
					"udt_name": "",
					"domain_name": null,
					"full_db_type": "double",
					"auto_generated": false
				},
				{
					"name": "double_nnull",
					"type": "float64",
					"db_type": "double",
					"default": "",
					"nullable": false,
					"unique": false,
					"validated": false,
					"arr_type": null,
					"udt_name": "",
					"domain_name": null,
					"full_db_type": "double",
					"auto_generated": false
				},
				{
					"name": "doubleprec_null",
					"type": "null.Float64",
					"db_type": "double",
					"default": "",
					"nullable": true,
					"unique": false,
					"validated": false,
					"arr_type": null,
					"udt_name": "",
					"domain_name": null,
					"full_db_type": "double",
					"auto_generated": false
				},
				{
					"name": "doubleprec_nnull",
					"type": "float64",
					"db_type": "double",
					"default": "",
					"nullable": false,
					"unique": false,
					"validated": false,
					"arr_type": null,
					"udt_name": "",
					"domain_name": null,
					"full_db_type": "double",
					"auto_generated": false
				},
				{
					"name": "real_null",
					"type": "null.Float64",
					"db_type": "double",
					"default": "",
					"nullable": true,
					"unique": false,
					"validated": false,
					"arr_type": null,
					"udt_name": "",
					"domain_name": null,
					"full_db_type": "double",
					"auto_generated": false
				},
				{
					"name": "real_nnull",
					"type": "float64",
					"db_type": "double",
					"default": "",
					"nullable": false,
					"unique": false,
					"validated": false,
					"arr_type": null,
					"udt_name": "",
					"domain_name": null,
					"full_db_type": "double",
					"auto_generated": false
				},
				{
					"name": "boolean_null",
					"type": "null.Bool",
					"db_type": "tinyint",
					"default": "",
					"nullable": true,
					"unique": false,
					"validated": false,
					"arr_type": null,
					"udt_name": "",
					"domain_name": null,
					"full_db_type": "tinyint(1)",
					"auto_generated": false
				},
				{
					"name": "boolean_nnull",
					"type": "bool",
					"db_type": "tinyint",
					"default": "",
					"nullable": false,
					"unique": false,
					"validated": false,
					"arr_type": null,
					"udt_name": "",
					"domain_name": null,
					"full_db_type": "tinyint(1)",
					"auto_generated": false
				},
				{
					"name": "date_null",
					"type": "null.Time",
					"db_type": "date",
					"default": "",
					"nullable": true,
					"unique": false,
					"validated": false,
					"arr_type": null,
					"udt_name": "",
					"domain_name": null,
					"full_db_type": "date",
					"auto_generated": false
				},
				{
					"name": "date_nnull",
					"type": "time.Time",
					"db_type": "date",
					"default": "",
					"nullable": false,
					"unique": false,
					"validated": false,
					"arr_type": null,
					"udt_name": "",
					"domain_name": null,
					"full_db_type": "date",
					"auto_generated": false
				},
				{
					"name": "datetime_null",
					"type": "null.Time",
					"db_type": "datetime",
					"default": "",
					"nullable": true,
					"unique": false,
					"validated": false,
					"arr_type": null,
					"udt_name": "",
					"domain_name": null,
					"full_db_type": "datetime",
					"auto_generated": false
				},
				{
					"name": "datetime_nnull",
					"type": "time.Time",
					"db_type": "datetime",
					"default": "",
					"nullable": false,
					"unique": false,
					"validated": false,
					"arr_type": null,
					"udt_name": "",
					"domain_name": null,
					"full_db_type": "datetime",
					"auto_generated": false
				},
				{
					"name": "timestamp_null",
					"type": "null.Time",
					"db_type": "timestamp",
					"default": "",
					"nullable": true,
					"unique": false,
					"validated": false,
					"arr_type": null,
					"udt_name": "",
					"domain_name": null,
					"full_db_type": "timestamp",
					"auto_generated": false
				},
				{
					"name": "timestamp_nnull",
					"type": "time.Time",
					"db_type": "timestamp",
					"default": "CURRENT_TIMESTAMP",
					"nullable": false,
					"unique": false,
					"validated": false,
					"arr_type": null,
					"udt_name": "",
					"domain_name": null,
					"full_db_type": "timestamp",
					"auto_generated": false
				},
				{
					"name": "binary_null",
					"type": "null.Bytes",
					"db_type": "binary",
					"default": "",
					"nullable": true,
					"unique": false,
					"validated": false,
					"arr_type": null,
					"udt_name": "",
					"domain_name": null,
					"full_db_type": "binary(1)",
					"auto_generated": false
				},
				{
					"name": "binary_nnull",
					"type": "[]byte",
					"db_type": "binary",
					"default": "",
					"nullable": false,
					"unique": false,
					"validated": false,
					"arr_type": null,
					"udt_name": "",
					"domain_name": null,
					"full_db_type": "binary(1)",
					"auto_generated": false
				},
				{
					"name": "varbinary_null",
					"type": "null.Bytes",
					"db_type": "varbinary",
					"default": "",
					"nullable": true,
					"unique": false,
					"validated": false,
					"arr_type": null,
					"udt_name": "",
					"domain_name": null,
					"full_db_type": "varbinary(100)",
					"auto_generated": false
				},
				{
					"name": "varbinary_nnull",
					"type": "[]byte",
					"db_type": "varbinary",
					"default": "",
					"nullable": false,
					"unique": false,
					"validated": false,
					"arr_type": null,
					"udt_name": "",
					"domain_name": null,
					"full_db_type": "varbinary(100)",
					"auto_generated": false
				},
				{
					"name": "tinyblob_null",
					"type": "null.Bytes",
					"db_type": "tinyblob",
					"default": "",
					"nullable": true,
					"unique": false,
					"validated": false,
					"arr_type": null,
					"udt_name": "",
					"domain_name": null,
					"full_db_type": "tinyblob",
					"auto_generated": false
				},
				{
					"name": "tinyblob_nnull",
					"type": "[]byte",
					"db_type": "tinyblob",
					"default": "",
					"nullable": false,
					"unique": false,
					"validated": false,
					"arr_type": null,
					"udt_name": "",
					"domain_name": null,
					"full_db_type": "tinyblob",
					"auto_generated": false
				},
				{
					"name": "blob_null",
					"type": "null.Bytes",
					"db_type": "blob",
					"default": "",
					"nullable": true,
					"unique": false,
					"validated": false,
					"arr_type": null,
					"udt_name": "",
					"domain_name": null,
					"full_db_type": "blob",
					"auto_generated": false
				},
				{
					"name": "blob_nnull",
					"type": "[]byte",
					"db_type": "blob",
					"default": "",
					"nullable": false,
					"unique": false,
					"validated": false,
					"arr_type": null,
					"udt_name": "",
					"domain_name": null,
					"full_db_type": "blob",
					"auto_generated": false
				},
				{
					"name": "mediumblob_null",
					"type": "null.Bytes",
					"db_type": "mediumblob",
					"default": "",
					"nullable": true,
					"unique": false,
					"validated": false,
					"arr_type": null,
					"udt_name": "",
					"domain_name": null,
					"full_db_type": "mediumblob",
					"auto_generated": false
				},
				{
					"name": "mediumblob_nnull",
					"type": "[]byte",
					"db_type": "mediumblob",
					"default": "",
					"nullable": false,
					"unique": false,
					"validated": false,
					"arr_type": null,
					"udt_name": "",
					"domain_name": null,
					"full_db_type": "mediumblob",
					"auto_generated": false
				},
				{
					"name": "longblob_null",
					"type": "null.Bytes",
					"db_type": "longblob",
					"default": "",
					"nullable": true,
					"unique": false,
					"validated": false,
					"arr_type": null,
					"udt_name": "",
					"domain_name": null,
					"full_db_type": "longblob",
					"auto_generated": false
				},
				{
					"name": "longblob_nnull",
					"type": "[]byte",
					"db_type": "longblob",
					"default": "",
					"nullable": false,
					"unique": false,
					"validated": false,
					"arr_type": null,
					"udt_name": "",
					"domain_name": null,
					"full_db_type": "longblob",
					"auto_generated": false
				},
				{
					"name": "varchar_null",
					"type": "null.String",
					"db_type": "varchar",
					"default": "",
					"nullable": true,
					"unique": false,
					"validated": false,
					"arr_type": null,
					"udt_name": "",
					"domain_name": null,
					"full_db_type": "varchar(100)",
					"auto_generated": false
				},
				{
					"name": "varchar_nnull",
					"type": "string",
					"db_type": "varchar",
					"default": "",
					"nullable": false,
					"unique": false,
					"validated": false,
					"arr_type": null,
					"udt_name": "",
					"domain_name": null,
					"full_db_type": "varchar(100)",
					"auto_generated": false
				},
				{
					"name": "char_null",
					"type": "null.String",
					"db_type": "char",
					"default": "",
					"nullable": true,
					"unique": false,
					"validated": false,
					"arr_type": null,
					"udt_name": "",
					"domain_name": null,
					"full_db_type": "char(1)",
					"auto_generated": false
				},
				{
					"name": "char_nnull",
					"type": "string",
					"db_type": "char",
					"default": "",
					"nullable": false,
					"unique": false,
					"validated": false,
					"arr_type": null,
					"udt_name": "",
					"domain_name": null,
					"full_db_type": "char(1)",
					"auto_generated": false
				},
				{
					"name": "text_null",
					"type": "null.String",
					"db_type": "text",
					"default": "",
					"nullable": true,
					"unique": false,
					"validated": false,
					"arr_type": null,
					"udt_name": "",
					"domain_name": null,
					"full_db_type": "text",
					"auto_generated": false
				},
				{
					"name": "text_nnull",
					"type": "string",
					"db_type": "text",
					"default": "",
					"nullable": false,
					"unique": false,
					"validated": false,
					"arr_type": null,
					"udt_name": "",
					"domain_name": null,
					"full_db_type": "text",
					"auto_generated": false
				}
			],
			"p_key": {
				"name": "PRIMARY",
				"columns": [
					"id"
				]
			},
			"f_keys": null,
			"is_join_table": false,
			"to_one_relationships": null,
			"to_many_relationships": null
		},
		{
			"name": "users",
			"schema_name": "",
			"columns": [
				{
					"name": "id",
					"type": "int",
					"db_type": "int",
					"default": "auto_increment",
					"nullable": false,
					"unique": true,
					"validated": false,
					"arr_type": null,
					"udt_name": "",
					"domain_name": null,
					"full_db_type": "int(11)",
					"auto_generated": false
				}
			],
			"p_key": {
				"name": "PRIMARY",
				"columns": [
					"id"
				]
			},
			"f_keys": null,
			"is_join_table": false,
			"to_one_relationships": null,
			"to_many_relationships": [
				{
					"name": "videos_ibfk_1",
					"table": "users",
					"column": "id",
					"nullable": false,
					"unique": true,
					"foreign_table": "videos",
					"foreign_column": "user_id",
					"foreign_column_nullable": false,
					"foreign_column_unique": false,
					"to_join_table": false,
					"join_table": "",
					"join_local_fkey_name": "",
					"join_local_column": "",
					"join_local_column_nullable": false,
					"join_local_column_unique": false,
					"join_foreign_fkey_name": "",
					"join_foreign_column": "",
					"join_foreign_column_nullable": false,
					"join_foreign_column_unique": false
				}
			]
		},
		{
			"name": "video_tags",
			"schema_name": "",
			"columns": [
				{
					"name": "video_id",
					"type": "int",
					"db_type": "int",
					"default": "",
					"nullable": false,
					"unique": false,
					"validated": false,
					"arr_type": null,
					"udt_name": "",
					"domain_name": null,
					"full_db_type": "int(11)",
					"auto_generated": false
				},
				{
					"name": "tag_id",
					"type": "int",
					"db_type": "int",
					"default": "",
					"nullable": false,
					"unique": false,
					"validated": false,
					"arr_type": null,
					"udt_name": "",
					"domain_name": null,
					"full_db_type": "int(11)",
					"auto_generated": false
				}
			],
			"p_key": {
				"name": "PRIMARY",
				"columns": [
					"video_id",
					"tag_id"
				]
			},
			"f_keys": [
				{
					"table": "video_tags",
					"name": "video_tags_ibfk_1",
					"column": "video_id",
					"nullable": false,
					"unique": false,
					"foreign_table": "videos",
					"foreign_column": "id",
					"foreign_column_nullable": false,
					"foreign_column_unique": true
				},
				{
					"table": "video_tags",
					"name": "video_tags_ibfk_2",
					"column": "tag_id",
					"nullable": false,
					"unique": false,
					"foreign_table": "tags",
					"foreign_column": "id",
					"foreign_column_nullable": false,
					"foreign_column_unique": true
				}
			],
			"is_join_table": true,
			"to_one_relationships": null,
			"to_many_relationships": null
		},
		{
			"name": "videos",
			"schema_name": "",
			"columns": [
				{
					"name": "id",
					"type": "int",
					"db_type": "int",
					"default": "auto_increment",
					"nullable": false,
					"unique": true,
					"validated": false,
					"arr_type": null,
					"udt_name": "",
					"domain_name": null,
					"full_db_type": "int(11)",
					"auto_generated": false
				},
				{
					"name": "user_id",
					"type": "int",
					"db_type": "int",
					"default": "",
					"nullable": false,
					"unique": false,
					"validated": false,
					"arr_type": null,
					"udt_name": "",
					"domain_name": null,
					"full_db_type": "int(11)",
					"auto_generated": false
				},
				{
					"name": "sponsor_id",
					"type": "null.Int",
					"db_type": "int",
					"default": "",
					"nullable": true,
					"unique": true,
					"validated": false,
					"arr_type": null,
					"udt_name": "",
					"domain_name": null,
					"full_db_type": "int(11)",
					"auto_generated": false
				}
			],
			"p_key": {
				"name": "PRIMARY",
				"columns": [
					"id"
				]
			},
			"f_keys": [
				{
					"table": "videos",
					"name": "videos_ibfk_1",
					"column": "user_id",
					"nullable": false,
					"unique": false,
					"foreign_table": "users",
					"foreign_column": "id",
					"foreign_column_nullable": false,
					"foreign_column_unique": true
				},
				{
					"table": "videos",
					"name": "videos_ibfk_2",
					"column": "sponsor_id",
					"nullable": true,
					"unique": true,
					"foreign_table": "sponsors",
					"foreign_column": "id",
					"foreign_column_nullable": false,
					"foreign_column_unique": true
				}
			],
			"is_join_table": false,
			"to_one_relationships": null,
			"to_many_relationships": [
				{
					"name": "",
					"table": "videos",
					"column": "id",
					"nullable": false,
					"unique": true,
					"foreign_table": "tags",
					"foreign_column": "id",
					"foreign_column_nullable": false,
					"foreign_column_unique": true,
					"to_join_table": true,
					"join_table": "video_tags",
					"join_local_fkey_name": "video_tags_ibfk_1",
					"join_local_column": "video_id",
					"join_local_column_nullable": false,
					"join_local_column_unique": false,
					"join_foreign_fkey_name": "video_tags_ibfk_2",
					"join_foreign_column": "tag_id",
					"join_foreign_column_nullable": false,
					"join_foreign_column_unique": false
				}
			]
		}
	],
	"dialect": {
		"lq": 96,
		"rq": 96,
		"use_index_placeholders": false,
		"use_last_insert_id": true,
		"use_schema": false,
		"use_default_keyword": false,
		"use_auto_columns": false,
		"use_top_clause": false,
		"use_output_clause": false,
		"use_case_when_exists_clause": false
	}
}