{
	"schema": "public",
	"tables": [
		{
			"name": "sponsors",
			"schema_name": "",
			"columns": [
				{
					"name": "id",
					"type": "int",
					"db_type": "integer",
					"default": "nextval('sponsors_id_seq'::regclass)",
					"nullable": false,
					"unique": true,
					"validated": false,
					"arr_type": null,
					"udt_name": "int4",
					"domain_name": null,
					"full_db_type": "int4",
					"auto_generated": false
				}
			],
			"p_key": {
				"name": "sponsors_pkey",
				"columns": [
					"id"
				]
			},
			"f_keys": null,
			"is_join_table": false,
			"to_one_relationships": [
				{
					"name": "videos_sponsor_id_fkey",
					"table": "sponsors",
					"column": "id",
					"nullable": false,
					"unique": true,
					"foreign_table": "videos",
					"foreign_column": "sponsor_id",
					"foreign_column_nullable": true,
					"foreign_column_unique": true
				}
			],
			"to_many_relationships": null
		},
		{
			"name": "tags",
			"schema_name": "",
			"columns": [
				{
					"name": "id",
					"type": "int",
					"db_type": "integer",
					"default": "nextval('tags_id_seq'::regclass)",
					"nullable": false,
					"unique": true,
					"validated": false,
					"arr_type": null,
					"udt_name": "int4",
					"domain_name": null,
					"full_db_type": "int4",
					"auto_generated": false
				}
			],
			"p_key": {
				"name": "tags_pkey",
				"columns": [
					"id"
				]
			},
			"f_keys": null,
			"is_join_table": false,
			"to_one_relationships": null,
			"to_many_relationships": [
				{
					"name": "",
					"table": "tags",
					"column": "id",
					"nullable": false,
					"unique": true,
					"foreign_table": "videos",
					"foreign_column": "id",
					"foreign_column_nullable": false,
					"foreign_column_unique": true,
					"to_join_table": true,
					"join_table": "video_tags",
					"join_local_fkey_name": "video_tags_tag_id_fkey",
					"join_local_column": "tag_id",
					"join_local_column_nullable": false,
					"join_local_column_unique": false,
					"join_foreign_fkey_name": "video_tags_video_id_fkey",
					"join_foreign_column": "video_id",
					"join_foreign_column_nullable": false,
					"join_foreign_column_unique": false
				}
			]
		},
		{
			"name": "type_monsters",
			"schema_name": "",
			"columns": [
				{
					"name": "id",
					"type": "int",
					"db_type": "integer",
					"default": "nextval('type_monsters_id_seq'::regclass)",
					"nullable": false,
					"unique": true,
					"validated": false,
					"arr_type": null,
					"udt_name": "int4",
					"domain_name": null,
					"full_db_type": "int4",
					"auto_generated": false
				},
				{
					"name": "enum_use",
					"type": "string",
					"db_type": "enum.workday('monday','tuesday','wednesday','thursday','friday')",
					"default": "",
					"nullable": false,
					"unique": false,
					"validated": false,
					"arr_type": null,
					"udt_name": "workday",
					"domain_name": null,
					"full_db_type": "workday",
					"auto_generated": false
				},
				{
					"name": "bool_zero",
					"type": "null.Bool",
					"db_type": "boolean",
					"default": "",
					"nullable": true,
					"unique": false,
					"validated": false,
					"arr_type": null,
					"udt_name": "bool",
					"domain_name": null,
					"full_db_type": "bool",
					"auto_generated": false
				},
				{
					"name": "bool_one",
					"type": "null.Bool",
					"db_type": "boolean",
					"default": "",
					"nullable": true,
					"unique": false,
					"validated": false,
					"arr_type": null,
					"udt_name": "bool",
					"domain_name": null,
					"full_db_type": "bool",
					"auto_generated": false
				},
				{
					"name": "bool_two",
					"type": "bool",
					"db_type": "boolean",
					"default": "",
					"nullable": false,
					"unique": false,
					"validated": false,
					"arr_type": null,
					"udt_name": "bool",
					"domain_name": null,
					"full_db_type": "bool",
					"auto_generated": false
				},
				{
					"name": "bool_three",
					"type": "null.Bool",
					"db_type": "boolean",
					"default": "false",
					"nullable": true,
					"unique": false,
					"validated": false,
					"arr_type": null,
					"udt_name": "bool",
					"domain_name": null,
					"full_db_type": "bool",
					"auto_generated": false
				},
				{
					"name": "bool_four",
					"type": "null.Bool",
					"db_type": "boolean",
					"default": "true",
					"nullable": true,
					"unique": false,
					"validated": false,
					"arr_type": null,
					"udt_name": "bool",
					"domain_name": null,
					"full_db_type": "bool",
					"auto_generated": false
				},
				{
					"name": "bool_five",
					"type": "bool",
					"db_type": "boolean",
					"default": "false",
					"nullable": false,
					"unique": false,
					"validated": false,
					"arr_type": null,
					"udt_name": "bool",
					"domain_name": null,
					"full_db_type": "bool",
					"auto_generated": false
				},
				{
					"name": "bool_six",
					"type": "bool",
					"db_type": "boolean",
					"default": "true",
					"nullable": false,
					"unique": false,
					"validated": false,
					"arr_type": null,
					"udt_name": "bool",
					"domain_name": null,
					"full_db_type": "bool",
					"auto_generated": false
				},
				{
					"name": "string_zero",
					"type": "null.String",
					"db_type": "character varying",
					"default": "",
					"nullable": true,
					"unique": false,
					"validated": false,
					"arr_type": null,
					"udt_name": "varchar",
					"domain_name": null,
					"full_db_type": "character varying(1)",
					"auto_generated": false
				},
				{
					"name": "string_one",
					"type": "null.String",
					"db_type": "character varying",
					"default": "",
					"nullable": true,
					"unique": false,
					"validated": false,
					"arr_type": null,
					"udt_name": "varchar",
					"domain_name": null,
					"full_db_type": "character varying(1)",
					"auto_generated": false
				},
				{
					"name": "string_two",
					"type": "string",
					"db_type": "character varying",
					"default": "",
					"nullable": false,
					"unique": false,
					"validated": false,
					"arr_type": null,
					"udt_name": "varchar",
					"domain_name": null,
					"full_db_type": "character varying(1)",
					"auto_generated": false
				},
				{
					"name": "string_three",
					"type": "null.String",
					"db_type": "character varying",
					"default": "'a'::character varying",
					"nullable": true,
					"unique": false,
					"validated": false,
					"arr_type": null,
					"udt_name": "varchar",
					"domain_name": null,
					"full_db_type": "character varying(1)",
					"auto_generated": false
				},
				{
					"name": "string_four",
					"type": "string",
					"db_type": "character varying",
					"default": "'b'::character varying",
					"nullable": false,
					"unique": false,
					"validated": false,
					"arr_type": null,
					"udt_name": "varchar",
					"domain_name": null,
					"full_db_type": "character varying(1)",
					"auto_generated": false
				},
				{
					"name": "string_five",
					"type": "null.String",
					"db_type": "character varying",
					"default": "",
					"nullable": true,
					"unique": false,
					"validated": false,
					"arr_type": null,
					"udt_name": "varchar",
					"domain_name": null,
					"full_db_type": "character varying(1000)",
					"auto_generated": false
				},
				{
					"name": "string_six",
					"type": "null.String",
					"db_type": "character varying",
					"default": "",
					"nullable": true,
					"unique": false,
					"validated": false,
					"arr_type": null,
					"udt_name": "varchar",
					"domain_name": null,
					"full_db_type": "character varying(1000)",
					"auto_generated": false
				},
				{
					"name": "string_seven",
					"type": "string",
					"db_type": "character varying",
					"default": "",
					"nullable": false,
					"unique": false,
					"validated": false,
					"arr_type": null,
					"udt_name": "varchar",
					"domain_name": null,
					"full_db_type": "character varying(1000)",
					"auto_generated": false
				},
				{
					"name": "string_eight",
					"type": "null.String",
					"db_type": "character varying",
					"default": "'abcdefgh'::character varying",
					"nullable": true,
					"unique": false,
					"validated": false,
					"arr_type": null,
					"udt_name": "varchar",
					"domain_name": null,
					"full_db_type": "character varying(1000)",
					"auto_generated": false
				},
				{
					"name": "string_nine",
					"type": "string",
					"db_type": "character varying",
					"default": "'abcdefgh'::character varying",
					"nullable": false,
					"unique": false,
					"validated": false,
					"arr_type": null,
					"udt_name": "varchar",
					"domain_name": null,
					"full_db_type": "character varying(1000)",
					"auto_generated": false
				},
				{
					"name": "string_ten",
					"type": "null.String",
					"db_type": "character varying",
					"default": "''::character varying",
					"nullable": true,
					"unique": false,
					"validated": false,
					"arr_type": null,
					"udt_name": "varchar",
					"domain_name": null,
					"full_db_type": "character varying(1000)",
					"auto_generated": false
				},
				{
					"name": "string_eleven",
					"type": "string",
					"db_type": "character varying",
					"default": "''::character varying",
					"nullable": false,
					"unique": false,
					"validated": false,
					"arr_type": null,
					"udt_name": "varchar",
					"domain_name": null,
					"full_db_type": "character varying(1000)",
					"auto_generated": false
				},
				{
					"name": "nonbyte_zero",
					"type": "null.String",
					"db_type": "character",
					"default": "",
					"nullable": true,
					"unique": false,
					"validated": false,
					"arr_type": null,
					"udt_name": "bpchar",
					"domain_name": null,
					"full_db_type": "character(1)",
					"auto_generated": false
				},
				{
					"name": "nonbyte_one",
					"type": "null.String",
					"db_type": "character",
					"default": "",
					"nullable": true,
					"unique": false,
					"validated": false,
					"arr_type": null,
					"udt_name": "bpchar",
					"domain_name": null,
					"full_db_type": "character(1)",
					"auto_generated": false
				},
				{
					"name": "nonbyte_two",
					"type": "string",
					"db_type": "character",
					"default": "",
					"nullable": false,
					"unique": false,
					"validated": false,
					"arr_type": null,
					"udt_name": "bpchar",
					"domain_name": null,
					"full_db_type": "character(1)",
					"auto_generated": false
				},
				{
					"name": "nonbyte_three",
					"type": "null.String",
					"db_type": "character",
					"default": "'a'::bpchar",
					"nullable": true,
					"unique": false,
					"validated": false,
					"arr_type": null,
					"udt_name": "bpchar",
					"domain_name": null,
					"full_db_type": "character(1)",
					"auto_generated": false
				},
				{
					"name": "nonbyte_four",
					"type": "string",
					"db_type": "character",
					"default": "'b'::bpchar",
					"nullable": false,
					"unique": false,
					"validated": false,
					"arr_type": null,
					"udt_name": "bpchar",
					"domain_name": null,
					"full_db_type": "character(1)",
					"auto_generated": false
				},
				{
					"name": "nonbyte_five",
					"type": "null.String",
					"db_type": "character",
					"default": "",
					"nullable": true,
					"unique": false,
					"validated": false,
					"arr_type": null,
					"udt_name": "bpchar",
					"domain_name": null,
					"full_db_type": "character(1000)",
					"auto_generated": false
				},
				{
					"name": "nonbyte_six",
					"type": "null.String",
					"db_type": "character",
					"default": "",
					"nullable": true,
					"unique": false,
					"validated": false,
					"arr_type": null,
					"udt_name": "bpchar",
					"domain_name": null,
					"full_db_type": "character(1000)",
					"auto_generated": false
				},
				{
					"name": "nonbyte_seven",
					"type": "string",
					"db_type": "character",
					"default": "",
					"nullable": false,
					"unique": false,
					"validated": false,
					"arr_type": null,
					"udt_name": "bpchar",
					"domain_name": null,
					"full_db_type": "character(1000)",
					"auto_generated": false
				},
				{
					"name": "nonbyte_eight",
					"type": "null.String",
					"db_type": "character",
					"default": "'a'::bpchar",
					"nullable": true,
					"unique": false,
					"validated": false,
					"arr_type": null,
					"udt_name": "bpchar",
					"domain_name": null,
					"full_db_type": "character(1000)",
					"auto_generated": false
				},
				{
					"name": "nonbyte_nine",
					"type": "string",
					"db_type": "character",
					"default": "'b'::bpchar",
					"nullable": false,
					"unique": false,
					"validated": false,
					"arr_type": null,
					"udt_name": "bpchar",
					"domain_name": null,
					"full_db_type": "character(1000)",
					"auto_generated": false
				},
				{
					"name": "byte_zero",
					"type": "null.Byte",
					"db_type": "\"char\"",
					"default": "",
					"nullable": true,
					"unique": false,
					"validated": false,
					"arr_type": null,
					"udt_name": "char",
					"domain_name": null,
					"full_db_type": "char",
					"auto_generated": false
				},
				{
					"name": "byte_one",
					"type": "null.Byte",
					"db_type": "\"char\"",
					"default": "",
					"nullable": true,
					"unique": false,
					"validated": false,
					"arr_type": null,
					"udt_name": "char",
					"domain_name": null,
					"full_db_type": "char",
					"auto_generated": false
				},
				{
					"name": "byte_two",
					"type": "null.Byte",
					"db_type": "\"char\"",
					"default": "'a'::\"char\"",
					"nullable": true,
					"unique": false,
					"validated": false,
					"arr_type": null,
					"udt_name": "char",
					"domain_name": null,
					"full_db_type": "char",
					"auto_generated": false
				},
				{
					"name": "byte_three",
					"type": "types.Byte",
					"db_type": "\"char\"",
					"default": "",
					"nullable": false,
					"unique": false,
					"validated": false,
					"arr_type": null,
					"udt_name": "char",
					"domain_name": null,
					"full_db_type": "char",
					"auto_generated": false
				},
				{
					"name": "byte_four",
					"type": "types.Byte",
					"db_type": "\"char\"",
					"default": "'b'::\"char\"",
					"nullable": false,
					"unique": false,
					"validated": false,
					"arr_type": null,
					"udt_name": "char",
					"domain_name": null,
					"full_db_type": "char",
					"auto_generated": false
				},
				{
					"name": "big_int_zero",
					"type": "null.Int64",
					"db_type": "bigint",
					"default": "",
					"nullable": true,
					"unique": false,
					"validated": false,
					"arr_type": null,
					"udt_name": "int8",
					"domain_name": null,
					"full_db_type": "int8",
					"auto_generated": false
				},
				{
					"name": "big_int_one",
					"type": "null.Int64",
					"db_type": "bigint",
					"default": "",
					"nullable": true,
					"unique": false,
					"validated": false,
					"arr_type": null,
					"udt_name": "int8",
					"domain_name": null,
					"full_db_type": "int8",
					"auto_generated": false
				},
				{
					"name": "big_int_two",
					"type": "int64",
					"db_type": "bigint",
					"default": "",
					"nullable": false,
					"unique": false,
					"validated": false,
					"arr_type": null,
					"udt_name": "int8",
					"domain_name": null,
					"full_db_type": "int8",
					"auto_generated": false
				},
				{
					"name": "big_int_three",
					"type": "null.Int64",
					"db_type": "bigint",
					"default": "111111",
					"nullable": true,
					"unique": false,
					"validated": false,
					"arr_type": null,
					"udt_name": "int8",
					"domain_name": null,
					"full_db_type": "int8",
					"auto_generated": false
				},
				{
					"name": "big_int_four",
					"type": "int64",
					"db_type": "bigint",
					"default": "222222",
					"nullable": false,
					"unique": false,
					"validated": false,
					"arr_type": null,
					"udt_name": "int8",
					"domain_name": null,
					"full_db_type": "int8",
					"auto_generated": false
				},
				{
					"name": "big_int_five",
					"type": "null.Int64",
					"db_type": "bigint",
					"default": "0",
					"nullable": true,
					"unique": false,
					"validated": false,
					"arr_type": null,
					"udt_name": "int8",
					"domain_name": null,
					"full_db_type": "int8",
					"auto_generated": false
				},
				{
					"name": "big_int_six",
					"type": "int64",
					"db_type": "bigint",
					"default": "0",
					"nullable": false,
					"unique": false,
					"validated": false,
					"arr_type": null,
					"udt_name": "int8",
					"domain_name": null,
					"full_db_type": "int8",
					"auto_generated": false
				},
				{
					"name": "int_zero",
					"type": "null.Int",
					"db_type": "integer",
					"default": "",
					"nullable": true,
					"unique": false,
					"validated": false,
					"arr_type": null,
					"udt_name": "int4",
					"domain_name": null,
					"full_db_type": "int4",
					"auto_generated": false
				},
				{
					"name": "int_one",
					"type": "null.Int",
					"db_type": "integer",
					"default": "",
					"nullable": true,
					"unique": false,
					"validated": false,
					"arr_type": null,
					"udt_name": "int4",
					"domain_name": null,
					"full_db_type": "int4",
					"auto_generated": false
				},
				{
					"name": "int_two",
					"type": "int",
					"db_type": "integer",
					"default": "",
					"nullable": false,
					"unique": false,
					"validated": false,
					"arr_type": null,
					"udt_name": "int4",
					"domain_name": null,
					"full_db_type": "int4",
					"auto_generated": false
				},
				{
					"name": "int_three",
					"type": "null.Int",
					"db_type": "integer",
					"default": "333333",
					"nullable": true,
					"unique": false,
					"validated": false,
					"arr_type": null,
					"udt_name": "int4",
					"domain_name": null,
					"full_db_type": "int4",
					"auto_generated": false
				},
				{
					"name": "int_four",
					"type": "int",
					"db_type": "integer",
					"default": "444444",
					"nullable": false,
					"unique": false,
					"validated": false,
					"arr_type": null,
					"udt_name": "int4",
					"domain_name": null,
					"full_db_type": "int4",
					"auto_generated": false
				},
				{
					"name": "int_five",
					"type": "null.Int",
					"db_type": "integer",
					"default": "0",
					"nullable": true,
					"unique": false,
					"validated": false,
					"arr_type": null,
					"udt_name": "int4",
					"domain_name": null,
					"full_db_type": "int4",
					"auto_generated": false
				},
				{
					"name": "int_six",
					"type": "int",
					"db_type": "integer",
					"default": "0",
					"nullable": false,
					"unique": false,
					"validated": false,
					"arr_type": null,
					"udt_name": "int4",
					"domain_name": null,
					"full_db_type": "int4",
					"auto_generated": false
				},
				{
					"name": "float_zero",
					"type": "types.NullDecimal",
					"db_type": "numeric",
					"default": "",
					"nullable": true,
					"unique": false,
					"validated": false,
					"arr_type": null,
					"udt_name": "numeric",
					"domain_name": null,
					"full_db_type": "numeric",
					"auto_generated": false
				},
				{
					"name": "float_one",
					"type": "types.NullDecimal",
					"db_type": "numeric",
					"default": "",
					"nullable": true,
					"unique": false,
					"validated": false,
					"arr_type": null,
					"udt_name": "numeric",
					"domain_name": null,
					"full_db_type": "numeric",
					"auto_generated": false
				},
				{
					"name": "float_two",
					"type": "types.NullDecimal",
					"db_type": "numeric",
					"default": "",
					"nullable": true,
					"unique": false,
					"validated": false,
					"arr_type": null,
					"udt_name": "numeric",
					"domain_name": null,
					"full_db_type": "numeric",
					"auto_generated": false
				},
				{
					"name": "float_three",
					"type": "types.NullDecimal",
					"db_type": "numeric",
					"default": "",
					"nullable": true,
					"unique": false,
					"validated": false,
					"arr_type": null,
					"udt_name": "numeric",
					"domain_name": null,
					"full_db_type": "numeric",
					"auto_generated": false
				},
				{
					"name": "float_four",
					"type": "types.NullDecimal",
					"db_type": "numeric",
					"default": "",
					"nullable": true,
					"unique": false,
					"validated": false,
					"arr_type": null,
					"udt_name": "numeric",
					"domain_name": null,
					"full_db_type": "numeric",
					"auto_generated": false
				},
				{
					"name": "float_five",
					"type": "types.Decimal",
					"db_type": "numeric",
					"default": "",
					"nullable": false,
					"unique": false,
					"validated": false,
					"arr_type": null,
					"udt_name": "numeric",
					"domain_name": null,
					"full_db_type": "numeric",
					"auto_generated": false
				},
				{
					"name": "float_six",
					"type": "types.NullDecimal",
					"db_type": "numeric",
					"default": "1.1",
					"nullable": true,
					"unique": false,
					"validated": false,
					"arr_type": null,
					"udt_name": "numeric",
					"domain_name": null,
					"full_db_type": "numeric",
					"auto_generated": false
				},
				{
					"name": "float_seven",
					"type": "types.Decimal",
					"db_type": "numeric",
					"default": "1.1",
					"nullable": false,
					"unique": false,
					"validated": false,
					"arr_type": null,
					"udt_name": "numeric",
					"domain_name": null,
					"full_db_type": "numeric",
					"auto_generated": false
				},
				{
					"name": "float_eight",
					"type": "types.NullDecimal",
					"db_type": "numeric",
					"default": "0.0",
					"nullable": true,
					"unique": false,
					"validated": false,
					"arr_type": null,
					"udt_name": "numeric",
					"domain_name": null,
					"full_db_type": "numeric",
					"auto_generated": false
				},
				{
					"name": "float_nine",
					"type": "types.NullDecimal",
					"db_type": "numeric",
					"default": "0.0",
					"nullable": true,
					"unique": false,
					"validated": false,
					"arr_type": null,
					"udt_name": "numeric",
					"domain_name": null,
					"full_db_type": "numeric",
					"auto_generated": false
				},
				{
					"name": "bytea_zero",
					"type": "null.Bytes",
					"db_type": "bytea",
					"default": "",
					"nullable": true,
					"unique": false,
					"validated": false,
					"arr_type": null,
					"udt_name": "bytea",
					"domain_name": null,
					"full_db_type": "bytea",
					"auto_generated": false
				},
				{
					"name": "bytea_one",
					"type": "null.Bytes",
					"db_type": "bytea",
					"default": "",
					"nullable": true,
					"unique": false,
					"validated": false,
					"arr_type": null,
					"udt_name": "bytea",
					"domain_name": null,
					"full_db_type": "bytea",
					"auto_generated": false
				},
				{
					"name": "bytea_two",
					"type": "[]byte",
					"db_type": "bytea",
					"default": "",
					"nullable": false,
					"unique": false,
					"validated": false,
					"arr_type": null,
					"udt_name": "bytea",
					"domain_name": null,
					"full_db_type": "bytea",
					"auto_generated": false
				},
				{
					"name": "bytea_three",
					"type": "[]byte",
					"db_type": "bytea",
					"default": "'\\x61'::bytea",
					"nullable": false,
					"unique": false,
					"validated": false,
					"arr_type": null,
					"udt_name": "bytea",
					"domain_name": null,
					"full_db_type": "bytea",
					"auto_generated": false
				},
				{
					"name": "bytea_four",
					"type": "null.Bytes",
					"db_type": "bytea",
					"default": "'\\x62'::bytea",
					"nullable": true,
					"unique": false,
					"validated": false,
					"arr_type": null,
					"udt_name": "bytea",
					"domain_name": null,
					"full_db_type": "bytea",
					"auto_generated": false
				},
				{
					"name": "bytea_five",
					"type": "[]byte",
					"db_type": "bytea",
					"default": "'\\x616263646566676861626364656667686162636465666768'::bytea",
					"nullable": false,
					"unique": false,
					"validated": false,
					"arr_type": null,
					"udt_name": "bytea",
					"domain_name": null,
					"full_db_type": "bytea",
					"auto_generated": false
				},
				{
					"name": "bytea_six",
					"type": "null.Bytes",
					"db_type": "bytea",
					"default": "'\\x686766656463626168676665646362616867666564636261'::bytea",
					"nullable": true,
					"unique": false,
					"validated": false,
					"arr_type": null,
					"udt_name": "bytea",
					"domain_name": null,
					"full_db_type": "bytea",
					"auto_generated": false
				},
				{
					"name": "bytea_seven",
					"type": "[]byte",
					"db_type": "bytea",
					"default": "'\\x'::bytea",
					"nullable": false,
					"unique": false,
					"validated": false,
					"arr_type": null,
					"udt_name": "bytea",
					"domain_name": null,
					"full_db_type": "bytea",
					"auto_generated": false
				},
				{
					"name": "bytea_eight",
					"type": "[]byte",
					"db_type": "bytea",
					"default": "'\\x'::bytea",
					"nullable": false,
					"unique": false,
					"validated": false,
					"arr_type": null,
					"udt_name": "bytea",
					"domain_name": null,
					"full_db_type": "bytea",
					"auto_generated": false
				},
				{
					"name": "time_zero",
					"type": "null.Time",
					"db_type": "timestamp without time zone",
					"default": "",
					"nullable": true,
					"unique": false,
					"validated": false,
					"arr_type": null,
					"udt_name": "timestamp",
					"domain_name": null,
					"full_db_type": "timestamp",
					"auto_generated": false
				},
				{
					"name": "time_one",
					"type": "null.Time",
					"db_type": "date",
					"default": "",
					"nullable": true,
					"unique": false,
					"validated": false,
					"arr_type": null,
					"udt_name": "date",
					"domain_name": null,
					"full_db_type": "date",
					"auto_generated": false
				},
				{
					"name": "time_two",
					"type": "null.Time",
					"db_type": "timestamp without time zone",
					"default": "",
					"nullable": true,
					"unique": false,
					"validated": false,
					"arr_type": null,
					"udt_name": "timestamp",
					"domain_name": null,
					"full_db_type": "timestamp",
					"auto_generated": false
				},
				{
					"name": "time_three",
					"type": "null.Time",
					"db_type": "timestamp without time zone",
					"default": "",
					"nullable": true,
					"unique": false,
					"validated": false,
					"arr_type": null,
					"udt_name": "timestamp",
					"domain_name": null,
					"full_db_type": "timestamp",
					"auto_generated": false
				},
				{
					"name": "time_four",
					"type": "time.Time",
					"db_type": "timestamp without time zone",
					"default": "",
					"nullable": false,
					"unique": false,
					"validated": false,
					"arr_type": null,
					"udt_name": "timestamp",
					"domain_name": null,
					"full_db_type": "timestamp",
					"auto_generated": false
				},
				{
					"name": "time_five",
					"type": "null.Time",
					"db_type": "timestamp without time zone",
					"default": "'1999-01-08 04:05:06.789'::timestamp without time zone",
					"nullable": true,
					"unique": false,
					"validated": false,
					"arr_type": null,
					"udt_name": "timestamp",
					"domain_name": null,
					"full_db_type": "timestamp",
					"auto_generated": false
				},
				{
					"name": "time_six",
					"type": "null.Time",
					"db_type": "timestamp without time zone",
					"default": "'1999-01-08 04:05:06.789'::timestamp without time zone",
					"nullable": true,
					"unique": false,
					"validated": false,
					"arr_type": null,
					"udt_name": "timestamp",
					"domain_name": null,
					"full_db_type": "timestamp",
					"auto_generated": false
				},
				{
					"name": "time_seven",
					"type": "null.Time",
					"db_type": "timestamp without time zone",
					"default": "'1999-01-08 04:05:06'::timestamp without time zone",
					"nullable": true,
					"unique": false,
					"validated": false,
					"arr_type": null,
					"udt_name": "timestamp",
					"domain_name": null,
					"full_db_type": "timestamp",
					"auto_generated": false
				},
				{
					"name": "time_eight",
					"type": "time.Time",
					"db_type": "timestamp without time zone",
					"default": "'1999-01-08 04:05:06.789'::timestamp without time zone",
					"nullable": false,
					"unique": false,
					"validated": false,
					"arr_type": null,
					"udt_name": "timestamp",
					"domain_name": null,
					"full_db_type": "timestamp",
					"auto_generated": false
				},
				{
					"name": "time_nine",
					"type": "time.Time",
					"db_type": "timestamp without time zone",
					"default": "'1999-01-08 04:05:06.789'::timestamp without time zone",
					"nullable": false,
					"unique": false,
					"validated": false,
					"arr_type": null,
					"udt_name": "timestamp",
					"domain_name": null,
					"full_db_type": "timestamp",
					"auto_generated": false
				},
				{
					"name": "time_ten",
					"type": "time.Time",
					"db_type": "timestamp without time zone",
					"default": "'1999-01-08 04:05:06'::timestamp without time zone",
					"nullable": false,
					"unique": false,
					"validated": false,
					"arr_type": null,
					"udt_name": "timestamp",
					"domain_name": null,
					"full_db_type": "timestamp",
					"auto_generated": false
				},
				{
					"name": "time_eleven",
					"type": "null.Time",
					"db_type": "date",
					"default": "",
					"nullable": true,
					"unique": false,
					"validated": false,
					"arr_type": null,
					"udt_name": "date",
					"domain_name": null,
					"full_db_type": "date",
					"auto_generated": false
				},
				{
					"name": "time_twelve",
					"type": "time.Time",
					"db_type": "date",
					"default": "",
					"nullable": false,
					"unique": false,
					"validated": false,
					"arr_type": null,
					"udt_name": "date",
					"domain_name": null,
					"full_db_type": "date",
					"auto_generated": false
				},
				{
					"name": "time_thirteen",
					"type": "null.Time",
					"db_type": "date",
					"default": "'1999-01-08'::date",
					"nullable": true,
					"unique": false,
					"validated": false,
					"arr_type": null,
					"udt_name": "date",
					"domain_name": null,
					"full_db_type": "date",
					"auto_generated": false
				},
				{
					"name": "time_fourteen",
					"type": "null.Time",
					"db_type": "date",
					"default": "'1999-01-08'::date",
					"nullable": true,
					"unique": false,
					"validated": false,
					"arr_type": null,
					"udt_name": "date",
					"domain_name": null,
					"full_db_type": "date",
					"auto_generated": false
				},
				{
					"name": "time_fifteen",
					"type": "null.Time",
					"db_type": "date",
					"default": "'1999-01-08'::date",
					"nullable": true,
					"unique": false,
					"validated": false,
					"arr_type": null,
					"udt_name": "date",
					"domain_name": null,
					"full_db_type": "date",
					"auto_generated": false
				},
				{
					"name": "time_sixteen",
					"type": "time.Time",
					"db_type": "date",
					"default": "'1999-01-08'::date",
					"nullable": false,
					"unique": false,
					"validated": false,
					"arr_type": null,
					"udt_name": "date",
					"domain_name": null,
					"full_db_type": "date",
					"auto_generated": false
				},
				{
					"name": "time_seventeen",
					"type": "time.Time",
					"db_type": "date",
					"default": "'1999-01-08'::date",
					"nullable": false,
					"unique": false,
					"validated": false,
					"arr_type": null,
					"udt_name": "date",
					"domain_name": null,
					"full_db_type": "date",
					"auto_generated": false
				},
				{
					"name": "time_eighteen",
					"type": "time.Time",
					"db_type": "date",
					"default": "'1999-01-08'::date",
					"nullable": false,
					"unique": false,
					"validated": false,
					"arr_type": null,
					"udt_name": "date",
					"domain_name": null,
					"full_db_type": "date",
					"auto_generated": false
				},
				{
					"name": "uuid_zero",
					"type": "null.String",
					"db_type": "uuid",
					"default": "",
					"nullable": true,
					"unique": false,
					"validated": false,
					"arr_type": null,
					"udt_name": "uuid",
					"domain_name": null,
					"full_db_type": "uuid",
					"auto_generated": false
				},
				{
					"name": "uuid_one",
					"type": "null.String",
					"db_type": "uuid",
					"default": "",
					"nullable": true,
					"unique": false,
					"validated": false,
					"arr_type": null,
					"udt_name": "uuid",
					"domain_name": null,
					"full_db_type": "uuid",
					"auto_generated": false
				},
				{
					"name": "uuid_two",
					"type": "null.String",
					"db_type": "uuid",
					"default": "",
					"nullable": true,
					"unique": false,
					"validated": false,
					"arr_type": null,
					"udt_name": "uuid",
					"domain_name": null,
					"full_db_type": "uuid",
					"auto_generated": false
				},
				{
					"name": "uuid_three",
					"type": "string",
					"db_type": "uuid",
					"default": "",
					"nullable": false,
					"unique": false,
					"validated": false,
					"arr_type": null,
					"udt_name": "uuid",
					"domain_name": null,
					"full_db_type": "uuid",
					"auto_generated": false
				},
				{
					"name": "uuid_four",
					"type": "null.String",
					"db_type": "uuid",
					"default": "'6ba7b810-9dad-11d1-80b4-00c04fd430c8'::uuid",
					"nullable": true,
					"unique": false,
					"validated": false,
					"arr_type": null,
					"udt_name": "uuid",
					"domain_name": null,
					"full_db_type": "uuid",
					"auto_generated": false
				},
				{
					"name": "uuid_five",
					"type": "string",
					"db_type": "uuid",
					"default": "'6ba7b810-9dad-11d1-80b4-00c04fd430c8'::uuid",
					"nullable": false,
					"unique": false,
					"validated": false,
					"arr_type": null,
					"udt_name": "uuid",
					"domain_name": null,
					"full_db_type": "uuid",
					"auto_generated": false
				},
				{
					"name": "integer_default",
					"type": "null.Int",
					"db_type": "integer",
					"default": "5",
					"nullable": true,
					"unique": false,
					"validated": false,
					"arr_type": null,
					"udt_name": "int4",
					"domain_name": null,
					"full_db_type": "int4",
					"auto_generated": false
				},
				{
					"name": "varchar_default",
					"type": "null.String",
					"db_type": "character varying",
					"default": "(5)::character varying",
					"nullable": true,
					"unique": false,
					"validated": false,
					"arr_type": null,
					"udt_name": "varchar",
					"domain_name": null,
					"full_db_type": "character varying(1000)",
					"auto_generated": false
				},
				{
					"name": "timestamp_notz",
					"type": "null.Time",
					"db_type": "timestamp without time zone",
					"default": "timezone('utc'::text, now())",
					"nullable": true,
					"unique": false,
					"validated": false,
					"arr_type": null,
					"udt_name": "timestamp",
					"domain_name": null,
					"full_db_type": "timestamp",
					"auto_generated": false
				},
				{
					"name": "timestamp_tz",
					"type": "null.Time",
					"db_type": "timestamp with time zone",
					"default": "timezone('utc'::text, now())",
					"nullable": true,
					"unique": false,
					"validated": false,
					"arr_type": null,
					"udt_name": "timestamptz",
					"domain_name": null,
					"full_db_type": "timestamptz",
					"auto_generated": false
				},
				{
					"name": "interval_nnull",
					"type": "string",
					"db_type": "interval",
					"default": "'21 days'::interval",
					"nullable": false,
					"unique": false,
					"validated": false,
					"arr_type": null,
					"udt_name": "interval",
					"domain_name": null,
					"full_db_type": "interval",
					"auto_generated": false
				},
				{
					"name": "interval_null",
					"type": "null.String",
					"db_type": "interval",
					"default": "'23:00:00'::interval",
					"nullable": true,
					"unique": false,
					"validated": false,
					"arr_type": null,
					"udt_name": "interval",
					"domain_name": null,
					"full_db_type": "interval",
					"auto_generated": false
				},
				{
					"name": "json_null",
					"type": "null.JSON",
					"db_type": "json",
					"default": "",
					"nullable": true,
					"unique": false,
					"validated": false,
					"arr_type": null,
					"udt_name": "json",
					"domain_name": null,
					"full_db_type": "json",
					"auto_generated": false
				},
				{
					"name": "json_nnull",
					"type": "types.JSON",
					"db_type": "json",
					"default": "",
					"nullable": false,
					"unique": false,
					"validated": false,
					"arr_type": null,
					"udt_name": "json",
					"domain_name": null,
					"full_db_type": "json",
					"auto_generated": false
				},
				{
					"name": "jsonb_null",
					"type": "null.JSON",
					"db_type": "jsonb",
					"default": "",
					"nullable": true,
					"unique": false,
					"validated": false,
					"arr_type": null,
					"udt_name": "jsonb",
					"domain_name": null,
					"full_db_type": "jsonb",
					"auto_generated": false
				},
				{
					"name": "jsonb_nnull",
					"type": "types.JSON",
					"db_type": "jsonb",
					"default": "",
					"nullable": false,
					"unique": false,
					"validated": false,
					"arr_type": null,
					"udt_name": "jsonb",
					"domain_name": null,
					"full_db_type": "jsonb",
					"auto_generated": false
				},
				{
					"name": "box_null",
					"type": "pgeo.NullBox",
					"db_type": "box",
					"default": "",
					"nullable": true,
					"unique": false,
					"validated": false,
					"arr_type": null,
					"udt_name": "box",
					"domain_name": null,
					"full_db_type": "box",
					"auto_generated": false
				},
				{
					"name": "box_nnull",
					"type": "pgeo.Box",
					"db_type": "box",
					"default": "",
					"nullable": false,
					"unique": false,
					"validated": false,
					"arr_type": null,
					"udt_name": "box",
					"domain_name": null,
					"full_db_type": "box",
					"auto_generated": false
				},
				{
					"name": "cidr_null",
					"type": "null.String",
					"db_type": "cidr",
					"default": "",
					"nullable": true,
					"unique": false,
					"validated": false,
					"arr_type": null,
					"udt_name": "cidr",
					"domain_name": null,
					"full_db_type": "cidr",
					"auto_generated": false
				},
				{
					"name": "cidr_nnull",
					"type": "string",
					"db_type": "cidr",
					"default": "",
					"nullable": false,
					"unique": false,
					"validated": false,
					"arr_type": null,
					"udt_name": "cidr",
					"domain_name": null,
					"full_db_type": "cidr",
					"auto_generated": false
				},
				{
					"name": "circle_null",
					"type": "pgeo.NullCircle",
					"db_type": "circle",
					"default": "",
					"nullable": true,
					"unique": false,
					"validated": false,
					"arr_type": null,
					"udt_name": "circle",
					"domain_name": null,
					"full_db_type": "circle",
					"auto_generated": false
				},
				{
					"name": "circle_nnull",
					"type": "pgeo.Circle",
					"db_type": "circle",
					"default": "",
					"nullable": false,
					"unique": false,
					"validated": false,
					"arr_type": null,
					"udt_name": "circle",
					"domain_name": null,
					"full_db_type": "circle",
					"auto_generated": false
				},
				{
					"name": "double_prec_null",
					"type": "null.Float64",
					"db_type": "double precision",
					"default": "",
					"nullable": true,
					"unique": false,
					"validated": false,
					"arr_type": null,
					"udt_name": "float8",
					"domain_name": null,
					"full_db_type": "float8",
					"auto_generated": false
				},
				{
					"name": "double_prec_nnull",
					"type": "float64",
					"db_type": "double precision",
					"default": "",
					"nullable": false,
					"unique": false,
					"validated": false,
					"arr_type": null,
					"udt_name": "float8",
					"domain_name": null,
					"full_db_type": "float8",
					"auto_generated": false
				},
				{
					"name": "inet_null",
					"type": "null.String",
					"db_type": "inet",
					"default": "",
					"nullable": true,
					"unique": false,
					"validated": false,
					"arr_type": null,
					"udt_name": "inet",
					"domain_name": null,
					"full_db_type": "inet",
					"auto_generated": false
				},
				{
					"name": "inet_nnull",
					"type": "string",
					"db_type": "inet",
					"default": "",
					"nullable": false,
					"unique": false,
					"validated": false,
					"arr_type": null,
					"udt_name": "inet",
					"domain_name": null,
					"full_db_type": "inet",
					"auto_generated": false
				},
				{
					"name": "line_null",
					"type": "pgeo.NullLine",
					"db_type": "line",
					"default": "",
					"nullable": true,
					"unique": false,
					"validated": false,
					"arr_type": null,
					"udt_name": "line",
					"domain_name": null,
					"full_db_type": "line",
					"auto_generated": false
				},
				{
					"name": "line_nnull",
					"type": "pgeo.Line",
					"db_type": "line",
					"default": "",
					"nullable": false,
					"unique": false,
					"validated": false,
					"arr_type": null,
					"udt_name": "line",
					"domain_name": null,
					"full_db_type": "line",
					"auto_generated": false
				},
				{
					"name": "lseg_null",
					"type": "pgeo.NullLseg",
					"db_type": "lseg",
					"default": "",
					"nullable": true,
					"unique": false,
					"validated": false,
					"arr_type": null,
					"udt_name": "lseg",
					"domain_name": null,
					"full_db_type": "lseg",
					"auto_generated": false
				},
				{
					"name": "lseg_nnull",
					"type": "pgeo.Lseg",
					"db_type": "lseg",
					"default": "",
					"nullable": false,
					"unique": false,
					"validated": false,
					"arr_type": null,
					"udt_name": "lseg",
					"domain_name": null,
					"full_db_type": "lseg",
					"auto_generated": false
				},
				{
					"name": "macaddr_null",
					"type": "null.String",
					"db_type": "macaddr",
					"default": "",
					"nullable": true,
					"unique": false,
					"validated": false,
					"arr_type": null,
					"udt_name": "macaddr",
					"domain_name": null,
					"full_db_type": "macaddr",
					"auto_generated": false
				},
				{
					"name": "macaddr_nnull",
					"type": "string",
					"db_type": "macaddr",
					"default": "",
					"nullable": false,
					"unique": false,
					"validated": false,
					"arr_type": null,
					"udt_name": "macaddr",
					"domain_name": null,
					"full_db_type": "macaddr",
					"auto_generated": false
				},
				{
					"name": "money_null",
					"type": "null.String",
					"db_type": "money",
					"default": "",
					"nullable": true,
					"unique": false,
					"validated": false,
					"arr_type": null,
					"udt_name": "money",
					"domain_name": null,
					"full_db_type": "money",
					"auto_generated": false
				},
				{
					"name": "money_nnull",
					"type": "string",
					"db_type": "money",
					"default": "",
					"nullable": false,
					"unique": false,
					"validated": false,
					"arr_type": null,
					"udt_name": "money",
					"domain_name": null,
					"full_db_type": "money",
					"auto_generated": false
				},
				{
					"name": "path_null",
					"type": "pgeo.NullPath",
					"db_type": "path",
					"default": "",
					"nullable": true,
					"unique": false,
					"validated": false,
					"arr_type": null,
					"udt_name": "path",
					"domain_name": null,
					"full_db_type": "path",
					"auto_generated": false
				},
				{
					"name": "path_nnull",
					"type": "pgeo.Path",
					"db_type": "path",
					"default": "",
					"nullable": false,
					"unique": false,
					"validated": false,
					"arr_type": null,
					"udt_name": "path",
					"domain_name": null,
					"full_db_type": "path",
					"auto_generated": false
				},
				{
					"name": "pg_lsn_null",
					"type": "null.String",
					"db_type": "pg_lsn",
					"default": "",
					"nullable": true,
					"unique": false,
					"validated": false,
					"arr_type": null,
					"udt_name": "pg_lsn",
					"domain_name": null,
					"full_db_type": "pg_lsn",
					"auto_generated": false
				},
				{
					"name": "pg_lsn_nnull",
					"type": "string",
					"db_type": "pg_lsn",
					"default": "",
					"nullable": false,
					"unique": false,
					"validated": false,
					"arr_type": null,
					"udt_name": "pg_lsn",
					"domain_name": null,
					"full_db_type": "pg_lsn",
					"auto_generated": false
				},
				{
					"name": "point_null",
					"type": "pgeo.NullPoint",
					"db_type": "point",
					"default": "",
					"nullable": true,
					"unique": false,
					"validated": false,
					"arr_type": null,
					"udt_name": "point",
					"domain_name": null,
					"full_db_type": "point",
					"auto_generated": false
				},
				{
					"name": "point_nnull",
					"type": "pgeo.Point",
					"db_type": "point",
					"default": "",
					"nullable": false,
					"unique": false,
					"validated": false,
					"arr_type": null,
					"udt_name": "point",
					"domain_name": null,
					"full_db_type": "point",
					"auto_generated": false
				},
				{
					"name": "polygon_null",
					"type": "pgeo.NullPolygon",
					"db_type": "polygon",
					"default": "",
					"nullable": true,
					"unique": false,
					"validated": false,
					"arr_type": null,
					"udt_name": "polygon",
					"domain_name": null,
					"full_db_type": "polygon",
					"auto_generated": false
				},
				{
					"name": "polygon_nnull",
					"type": "pgeo.Polygon",
					"db_type": "polygon",
					"default": "",
					"nullable": false,
					"unique": false,
					"validated": false,
					"arr_type": null,
					"udt_name": "polygon",
					"domain_name": null,
					"full_db_type": "polygon",
					"auto_generated": false
				},
				{
					"name": "tsquery_null",
					"type": "null.String",
					"db_type": "tsquery",
					"default": "",
					"nullable": true,
					"unique": false,
					"validated": false,
					"arr_type": null,
					"udt_name": "tsquery",
					"domain_name": null,
					"full_db_type": "tsquery",
					"auto_generated": false
				},
				{
					"name": "tsquery_nnull",
					"type": "string",
					"db_type": "tsquery",
					"default": "",
					"nullable": false,
					"unique": false,
					"validated": false,
					"arr_type": null,
					"udt_name": "tsquery",
					"domain_name": null,
					"full_db_type": "tsquery",
					"auto_generated": false
				},
				{
					"name": "tsvector_null",
					"type": "null.String",
					"db_type": "tsvector",
					"default": "",
					"nullable": true,
					"unique": false,
					"validated": false,
					"arr_type": null,
					"udt_name": "tsvector",
					"domain_name": null,
					"full_db_type": "tsvector",
					"auto_generated": false
				},
				{
					"name": "tsvector_nnull",
					"type": "string",
					"db_type": "tsvector",
					"default": "",
					"nullable": false,
					"unique": false,
					"validated": false,
					"arr_type": null,
					"udt_name": "tsvector",
					"domain_name": null,
					"full_db_type": "tsvector",
					"auto_generated": false
				},
				{
					"name": "txid_null",
					"type": "null.String",
					"db_type": "txid_snapshot",
					"default": "",
					"nullable": true,
					"unique": false,
					"validated": false,
					"arr_type": null,
					"udt_name": "txid_snapshot",
					"domain_name": null,
					"full_db_type": "txid_snapshot",
					"auto_generated": false
				},
				{
					"name": "txid_nnull",
					"type": "string",
					"db_type": "txid_snapshot",
					"default": "",
					"nullable": false,
					"unique": false,
					"validated": false,
					"arr_type": null,
					"udt_name": "txid_snapshot",
					"domain_name": null,
					"full_db_type": "txid_snapshot",
					"auto_generated": false
				},
				{
					"name": "xml_null",
					"type": "null.String",
					"db_type": "xml",
					"default": "",
					"nullable": true,
					"unique": false,
					"validated": false,
					"arr_type": null,
					"udt_name": "xml",
					"domain_name": null,
					"full_db_type": "xml",
					"auto_generated": false
				},
				{
					"name": "xml_nnull",
					"type": "string",
					"db_type": "xml",
					"default": "",
					"nullable": false,
					"unique": false,
					"validated": false,
					"arr_type": null,
					"udt_name": "xml",
					"domain_name": null,
					"full_db_type": "xml",
					"auto_generated": false
				},
				{
					"name": "intarr_null",
					"type": "types.Int64Array",
					"db_type": "ARRAYinteger",
					"default": "",
					"nullable": true,
					"unique": false,
					"validated": false,
					"arr_type": "integer",
					"udt_name": "_int4",
					"domain_name": null,
					"full_db_type": "_int4",
					"auto_generated": false
				},
				{
					"name": "intarr_nnull",
					"type": "types.Int64Array",
					"db_type": "ARRAYinteger",
					"default": "",
					"nullable": false,
					"unique": false,
					"validated": false,
					"arr_type": "integer",
					"udt_name": "_int4",
					"domain_name": null,
					"full_db_type": "_int4",
					"auto_generated": false
				},
				{
					"name": "boolarr_null",
					"type": "types.BoolArray",
					"db_type": "ARRAYboolean",
					"default": "",
					"nullable": true,
					"unique": false,
					"validated": false,
					"arr_type": "boolean",
					"udt_name": "_bool",
					"domain_name": null,
					"full_db_type": "_bool",
					"auto_generated": false
				},
				{
					"name": "boolarr_nnull",
					"type": "types.BoolArray",
					"db_type": "ARRAYboolean",
					"default": "",
					"nullable": false,
					"unique": false,
					"validated": false,
					"arr_type": "boolean",
					"udt_name": "_bool",
					"domain_name": null,
					"full_db_type": "_bool",
					"auto_generated": false
				},
				{
					"name": "varchararr_null",
					"type": "types.StringArray",
					"db_type": "ARRAYcharacter varying",
					"default": "",
					"nullable": true,
					"unique": false,
					"validated": false,
					"arr_type": "character varying",
					"udt_name": "_varchar",
					"domain_name": null,
					"full_db_type": "_varchar",
					"auto_generated": false
				},
				{
					"name": "varchararr_nnull",
					"type": "types.StringArray",
					"db_type": "ARRAYcharacter varying",
					"default": "",
					"nullable": false,
					"unique": false,
					"validated": false,
					"arr_type": "character varying",
					"udt_name": "_varchar",
					"domain_name": null,
					"full_db_type": "_varchar",
					"auto_generated": false
				},
				{
					"name": "decimalarr_null",
					"type": "types.DecimalArray",
					"db_type": "ARRAYnumeric",
					"default": "",
					"nullable": true,
					"unique": false,
					"validated": false,
					"arr_type": "numeric",
					"udt_name": "_numeric",
					"domain_name": null,
					"full_db_type": "_numeric",
					"auto_generated": false
				},
				{
					"name": "decimalarr_nnull",
					"type": "types.DecimalArray",
					"db_type": "ARRAYnumeric",
					"default": "",
					"nullable": false,
					"unique": false,
					"validated": false,
					"arr_type": "numeric",
					"udt_name": "_numeric",
					"domain_name": null,
					"full_db_type": "_numeric",
					"auto_generated": false
				},
				{
					"name": "byteaarr_null",
					"type": "types.BytesArray",
					"db_type": "ARRAYbytea",
					"default": "",
					"nullable": true,
					"unique": false,
					"validated": false,
					"arr_type": "bytea",
					"udt_name": "_bytea",
					"domain_name": null,
					"full_db_type": "_bytea",
					"auto_generated": false
				},
				{
					"name": "byteaarr_nnull",
					"type": "types.BytesArray",
					"db_type": "ARRAYbytea",
					"default": "",
					"nullable": false,
					"unique": false,
					"validated": false,
					"arr_type": "bytea",
					"udt_name": "_bytea",
					"domain_name": null,
					"full_db_type": "_bytea",
					"auto_generated": false
				},
				{
					"name": "jsonbarr_null",
					"type": "types.StringArray",
					"db_type": "ARRAYjsonb",
					"default": "",
					"nullable": true,
					"unique": false,
					"validated": false,
					"arr_type": "jsonb",
					"udt_name": "_jsonb",
					"domain_name": null,
					"full_db_type": "_jsonb",
					"auto_generated": false
				},
				{
					"name": "jsonbarr_nnull",
					"type": "types.StringArray",
					"db_type": "ARRAYjsonb",
					"default": "",
					"nullable": false,
					"unique": false,
					"validated": false,
					"arr_type": "jsonb",
					"udt_name": "_jsonb",
					"domain_name": null,
					"full_db_type": "_jsonb",
					"auto_generated": false
				},
				{
					"name": "jsonarr_null",
					"type": "types.StringArray",
					"db_type": "ARRAYjson",
					"default": "",
					"nullable": true,
					"unique": false,
					"validated": false,
					"arr_type": "json",
					"udt_name": "_json",
					"domain_name": null,
					"full_db_type": "_json",
					"auto_generated": false
				},
				{
					"name": "jsonarr_nnull",
					"type": "types.StringArray",
					"db_type": "ARRAYjson",
					"default": "",
					"nullable": false,
					"unique": false,
					"validated": false,
					"arr_type": "json",
					"udt_name": "_json",
					"domain_name": null,
					"full_db_type": "_json",
					"auto_generated": false
				},
				{
					"name": "customarr_null",
					"type": "types.Int64Array",
					"db_type": "ARRAY_int4",
					"default": "",
					"nullable": true,
					"unique": false,
					"validated": false,
					"arr_type": null,
					"udt_name": "_int4",
					"domain_name": "my_int_array",
					"full_db_type": "_int4",
					"auto_generated": false
				},
				{
					"name": "customarr_nnull",
					"type": "types.Int64Array",
					"db_type": "ARRAY_int4",
					"default": "",
					"nullable": false,
					"unique": false,
					"validated": false,
					"arr_type": null,
					"udt_name": "_int4",
					"domain_name": "my_int_array",
					"full_db_type": "_int4",
					"auto_generated": false
				},
				{
					"name": "domainuint3_nnull",
					"type": "types.Decimal",
					"db_type": "numeric",
					"default": "",
					"nullable": false,
					"unique": false,
					"validated": false,
					"arr_type": null,
					"udt_name": "numeric",
					"domain_name": "uint3",
					"full_db_type": "numeric",
					"auto_generated": false
				}
			],
			"p_key": {
				"name": "type_monsters_pkey",
				"columns": [
					"id"
				]
			},
			"f_keys": null,
			"is_join_table": false,
			"to_one_relationships": null,
			"to_many_relationships": null
		},
		{
			"name": "users",
			"schema_name": "",
			"columns": [
				{
					"name": "id",
					"type": "int",
					"db_type": "integer",
					"default": "nextval('users_id_seq'::regclass)",
					"nullable": false,
					"unique": true,
					"validated": false,
					"arr_type": null,
					"udt_name": "int4",
					"domain_name": null,
					"full_db_type": "int4",
					"auto_generated": false
				}
			],
			"p_key": {
				"name": "users_pkey",
				"columns": [
					"id"
				]
			},
			"f_keys": null,
			"is_join_table": false,
			"to_one_relationships": null,
			"to_many_relationships": [
				{
					"name": "videos_user_id_fkey",
					"table": "users",
					"column": "id",
					"nullable": false,
					"unique": true,
					"foreign_table": "videos",
					"foreign_column": "user_id",
					"foreign_column_nullable": false,
					"foreign_column_unique": false,
					"to_join_table": false,
					"join_table": "",
					"join_local_fkey_name": "",
					"join_local_column": "",
					"join_local_column_nullable": false,
					"join_local_column_unique": false,
					"join_foreign_fkey_name": "",
					"join_foreign_column": "",
					"join_foreign_column_nullable": false,
					"join_foreign_column_unique": false
				}
			]
		},
		{
			"name": "video_tags",
			"schema_name": "",
			"columns": [
				{
					"name": "video_id",
					"type": "int",
					"db_type": "integer",
					"default": "",
					"nullable": false,
					"unique": false,
					"validated": false,
					"arr_type": null,
					"udt_name": "int4",
					"domain_name": null,
					"full_db_type": "int4",
					"auto_generated": false
				},
				{
					"name": "tag_id",
					"type": "int",
					"db_type": "integer",
					"default": "",
					"nullable": false,
					"unique": false,
					"validated": false,
					"arr_type": null,
					"udt_name": "int4",
					"domain_name": null,
					"full_db_type": "int4",
					"auto_generated": false
				}
			],
			"p_key": {
				"name": "video_tags_pkey",
				"columns": [
					"video_id",
					"tag_id"
				]
			},
			"f_keys": [
				{
					"table": "video_tags",
					"name": "video_tags_tag_id_fkey",
					"column": "tag_id",
					"nullable": false,
					"unique": false,
					"foreign_table": "tags",
					"foreign_column": "id",
					"foreign_column_nullable": false,
					"foreign_column_unique": true
				},
				{
					"table": "video_tags",
					"name": "video_tags_video_id_fkey",
					"column": "video_id",
					"nullable": false,
					"unique": false,
					"foreign_table": "videos",
					"foreign_column": "id",
					"foreign_column_nullable": false,
					"foreign_column_unique": true
				}
			],
			"is_join_table": true,
			"to_one_relationships": null,
			"to_many_relationships": null
		},
		{
			"name": "videos",
			"schema_name": "",
			"columns": [
				{
					"name": "id",
					"type": "int",
					"db_type": "integer",
					"default": "nextval('videos_id_seq'::regclass)",
					"nullable": false,
					"unique": true,
					"validated": false,
					"arr_type": null,
					"udt_name": "int4",
					"domain_name": null,
					"full_db_type": "int4",
					"auto_generated": false
				},
				{
					"name": "user_id",
					"type": "int",
					"db_type": "integer",
					"default": "",
					"nullable": false,
					"unique": false,
					"validated": false,
					"arr_type": null,
					"udt_name": "int4",
					"domain_name": null,
					"full_db_type": "int4",
					"auto_generated": false
				},
				{
					"name": "sponsor_id",
					"type": "null.Int",
					"db_type": "integer",
					"default": "",
					"nullable": true,
					"unique": true,
					"validated": false,
					"arr_type": null,
					"udt_name": "int4",
					"domain_name": null,
					"full_db_type": "int4",
					"auto_generated": false
				}
			],
			"p_key": {
				"name": "videos_pkey",
				"columns": [
					"id"
				]
			},
			"f_keys": [
				{
					"table": "videos",
					"name": "videos_sponsor_id_fkey",
					"column": "sponsor_id",
					"nullable": true,
					"unique": true,
					"foreign_table": "sponsors",
					"foreign_column": "id",
					"foreign_column_nullable": false,
					"foreign_column_unique": true
				},
				{
					"table": "videos",
					"name": "videos_user_id_fkey",
					"column": "user_id",
					"nullable": false,
					"unique": false,
					"foreign_table": "users",
					"foreign_column": "id",
					"foreign_column_nullable": false,
					"foreign_column_unique": true
				}
			],
			"is_join_table": false,
			"to_one_relationships": null,
			"to_many_relationships": [
				{
					"name": "",
					"table": "videos",
					"column": "id",
					"nullable": false,
					"unique": true,
					"foreign_table": "tags",
					"foreign_column": "id",
					"foreign_column_nullable": false,
					"foreign_column_unique": true,
					"to_join_table": true,
					"join_table": "video_tags",
					"join_local_fkey_name": "video_tags_video_id_fkey",
					"join_local_column": "video_id",
					"join_local_column_nullable": false,
					"join_local_column_unique": false,
					"join_foreign_fkey_name": "video_tags_tag_id_fkey",
					"join_foreign_column": "tag_id",
					"join_foreign_column_nullable": false,
					"join_foreign_column_unique": false
				}
			]
		}
	],
	"dialect": {
		"lq": 34,
		"rq": 34,
		"use_index_placeholders": true,
		"use_last_insert_id": false,
		"use_schema": false,
		"use_default_keyword": true,
		"use_auto_columns": false,
		"use_top_clause": false,
		"use_output_clause": false,
		"use_case_when_exists_clause": false
	}
}