{
  "version": "2",
  "sql": [
    {
      "schema": "../authors/postgresql/schema.sql",
      "queries": "../authors/postgresql/query.sql",
      "engine": "postgresql",
      "gen": {
        "python": {
          "out": "src/authors",
          "package": "authors",
          "emit_sync_querier": true,
          "emit_async_querier": true
        }
      }
    },
    {
      "schema": "../booktest/postgresql/schema.sql",
      "queries": "../booktest/postgresql/query.sql",
      "engine": "postgresql",
      "gen": {
        "python": {
          "out": "src/booktest",
          "package": "booktest",
          "emit_async_querier": true
        }
      }
    },
    {
      "schema": "../jets/schema.sql",
      "queries": "../jets/query-building.sql",
      "engine": "postgresql",
      "gen": {
        "python": {
          "out": "src/jets",
          "package": "jets",
          "emit_async_querier": true
        }
      }
    },
    {
      "schema": "../ondeck/postgresql/schema",
      "queries": "../ondeck/postgresql/query",
      "engine": "postgresql",
      "gen": {
        "python": {
          "out": "src/ondeck",
          "package": "ondeck",
          "emit_async_querier": true
        }
      }
    }
  ]
}
