{
   "Components": {
      "elements": [
         {
            "id": "11kj53l",
            "x": 1925,
            "y": 817
         },
         {
            "id": "15o55d9",
            "x": 105,
            "y": 817
         },
         {
            "id": "1hfi68p",
            "x": 105,
            "y": 1307
         },
         {
            "id": "1njagt4",
            "x": 1925,
            "y": 1307
         },
         {
            "id": "1olxg1c",
            "x": 1925,
            "y": 436
         },
         {
            "id": "1qm4oey",
            "x": 560,
            "y": 10
         },
         {
            "id": "ay5wb5",
            "x": 1015,
            "y": 1307
         },
         {
            "id": "do2bvv",
            "x": 1015,
            "y": 817
         },
         {
            "id": "hd9fd5",
            "x": 1470,
            "y": 11
         },
         {
            "id": "jdi4s4",
            "x": 1015,
            "y": 436
         },
         {
            "id": "sks1g4",
            "x": 105,
            "y": 436
         }
      ]
   },
   "Containers": {
      "elements": [
         {
            "id": "1a44kjx",
            "x": 1056,
            "y": 24
         },
         {
            "id": "1hfi68p",
            "x": 37,
            "y": 1214
         },
         {
            "id": "1njagt4",
            "x": 2012,
            "y": 1214
         },
         {
            "id": "1qm4oey",
            "x": 780,
            "y": 664
         },
         {
            "id": "1rhkirw",
            "x": 37,
            "y": 664
         },
         {
            "id": "ay5wb5",
            "x": 2012,
            "y": 664
         },
         {
            "id": "hd9fd5",
            "x": 1283,
            "y": 664
         },
         {
            "id": "uu8ny2",
            "x": 1031,
            "y": 1214
         }
      ]
   },
   "SystemLandscape": {
      "elements": [
         {
            "id": "1a44kjx",
            "x": 87,
            "y": 643
         },
         {
            "id": "1mmpe00",
            "x": 1947,
            "y": 36
         },
         {
            "id": "1njagt4",
            "x": 1922,
            "y": 693
         },
         {
            "id": "23ylt4",
            "x": 1947,
            "y": 1241
         },
         {
            "id": "ay5wb5",
            "x": 1012,
            "y": 1326
         },
         {
            "id": "gsdtx7",
            "x": 1012,
            "y": 813
         },
         {
            "id": "o14fz3",
            "x": 1012,
            "y": 301
         }
      ],
      "relationships": [
         {
            "id": "avismw",
            "description": "Asks questions to",
            "vertices": [
               {
                  "x": 285,
                  "y": 240
               }
            ]
         }
      ]
   }
}