{
  "version": "1",
  "packages": [
    {
      "path": "postgresql",
      "name": "ondeck",
      "schema": "postgresql/schema",
      "queries": "postgresql/query",
      "engine": "postgresql",
      "emit_json_tags": true,
      "emit_prepared_queries": true,
      "emit_interface": true
    },
    {
      "path": "mysql",
      "name": "ondeck",
      "schema": "mysql/schema",
      "queries": "mysql/query",
      "engine": "mysql",
      "emit_json_tags": true,
      "emit_prepared_queries": true,
      "emit_interface": true
    }
  ]
}
